imdb_id,imdb_rating,imdb_votes
tt8291224,8.4,35112
tt9472208,4.1,73
tt6986710,6.1,5549
tt8108208,6,1891
tt6028796,7.3,280
tt6078866,7.2,1595
tt5013008,4.2,504
tt4971258,4.3,295
tt6903440,6.5,7361
tt7777196,5.1,2301
tt8396186,2.8,235
tt2395469,8.2,22440
tt9319812,5.6,183
tt7639372,4.3,4817
tt8108200,7.5,2322
tt8130968,7.9,15499
tt8055888,7.4,3969
tt7527082,7.7,560
tt7778680,6.9,2391
tt9795264,6.7,11
tt8207768,6.8,344
tt9496212,5.3,124
tt6264938,7.4,10653
tt9105014,6.8,1335
tt7463730,5.3,1064
tt10017956,7.1,178
tt4355838,4.8,56
tt8108268,8,5524
tt6988116,3.6,9106
tt9239772,5.1,158
tt7255568,2.5,12671
tt9558612,3.3,4484
tt8647400,6.6,5387
tt8484942,4.4,1449
tt5525846,5.7,169
tt8268972,3.7,153
tt8983202,7.2,20535
tt10324144,8.3,13417
tt8130558,6.8,590
tt6862542,7.4,85
tt7485048,8.2,13972
tt8897986,9.4,895
tt8869978,7.3,5556
tt8206760,4.8,215
tt8108196,6,3269
tt7189494,6,19
tt7881524,4.1,676
tt8785426,4.2,767
tt7228072,7,43
tt8902990,6.6,1659
tt9248972,6.5,7165
tt6836936,5.5,12049
tt9248940,7.5,4077
tt8144834,8.4,1841
tt8304386,4.1,683
tt6978954,4.6,562
tt8706884,6,272
tt10816510,7.8,777
tt9378950,8.7,1379
tt9420648,8.2,1369
tt11007050,5.7,7
tt7721946,3.3,4572
tt8108206,8.9,1902
tt8983180,6.3,596
tt11046300,8.1,1440
tt9176260,7.1,51
tt9179426,4.6,34
tt6102396,6.2,1978
tt6275262,5.6,959
tt4335954,5.5,215
tt7723022,3.8,108
tt7180544,8.1,5434
tt6395306,7.6,1503
tt7853242,7.2,6248
tt6774212,5.2,3538
tt5935704,7,24550
tt7617988,7.5,578
tt7720254,4.4,25
tt7262178,2.8,380
tt7581902,7.1,17378
tt5325684,3.3,1203
tt6071752,4,289
tt4552546,7.1,288
tt7363076,7.4,13159
tt6588966,7.5,8129
tt7384848,5.7,1642
tt6843812,5,7657
tt7700730,7.5,11125
tt7881558,6.2,774
tt3224288,6.9,1611
tt7412738,6.2,853
tt4979110,5.1,205
tt6978268,7,660
tt7098658,7.8,20289
tt8324474,6.4,289
tt8175968,5.2,252
tt7260848,5.6,182
tt6826438,7.7,18292
tt8223250,7.7,718
tt6129302,7.6,4928
tt8338746,3.7,207
tt7431594,2,30038
tt7638344,4.5,8363
tt6452574,7.8,42718
tt7695014,4.3,631
tt8060624,4.7,748
tt7618184,6.7,12123
tt6514010,7,2533
tt7919680,7.5,9436
tt6173990,7.3,10081
tt8202612,5.6,5446
tt7881542,4.5,974
tt7722258,4.6,803
tt7609114,4.8,887
tt8108202,7.7,22671
tt7162758,5.2,729
tt8011276,7.7,1633
tt2302416,7.1,314
tt8136908,7.2,271
tt8396128,7.2,2931
tt7720922,6.1,4169
tt3823392,7.4,1048
tt6923462,7.4,2947
tt2802062,4.2,139
tt5474036,6.9,5754
tt8852558,6.9,1820
tt7147540,6.8,5850
tt6514196,6.6,3859
tt8426854,6.3,1598
tt7526836,5.4,658
tt8239946,8.2,16535
tt8427036,5.5,796
tt7607940,1.7,2237
tt8108198,8.4,51615
tt7725596,8,21851
tt1971310,3.2,316
tt7274806,5.6,201
tt2759338,3.8,253
tt9070934,6.3,50
tt6144958,5.1,55
tt4949324,6.9,1369
tt8458202,6.7,1582
tt2150177,4.1,465
tt6747420,5.7,1369
tt6527426,5.5,21456
tt7212726,6.3,15829
tt5956100,6,19760
tt1806913,4.9,7330
tt5456546,3.8,7418
tt5764024,5.1,3350
tt6334874,4.5,563
tt5460276,7.1,22695
tt3405236,6.8,37609
tt5970844,4,15980
tt6467380,6.8,3960
tt6296236,6.7,2268
tt6299040,7.6,10332
tt6467738,6.2,1024
tt4909752,5.7,3393
tt6499258,5.4,53
tt5756052,5.6,82
tt6277440,6.2,8868
tt6206564,7.5,8295
tt5896934,2.9,304
tt5046500,5.2,165
tt5502766,6.1,3179
tt5785200,2.7,636
tt6611040,7.3,51
tt6058394,6.5,1132
tt6170954,6.3,4791
tt5997928,7.1,1487
tt5785116,5.5,2347
tt5775220,4,1287
tt5543746,4.5,321
tt5742874,4.9,1688
tt6642396,6,3309
tt5474042,4.3,5577
tt5472374,5.8,3266
tt4640206,8.6,7239
tt5764096,7.8,18315
tt5544662,3.5,212
tt4552486,3.9,291
tt4493550,5.9,64
tt6033536,5.2,276
tt5542802,4.1,2667
tt6537508,5.5,1514
tt5882970,4,12911
tt3611266,5.9,2164
tt6349528,5,87
tt4129428,6.4,8162
tt4287778,4.4,196
tt4807830,6.8,5583
tt4307132,8.3,45
tt6620324,6,1287
tt5997666,5.3,17317
tt6117702,3.4,2396
tt5785170,7.2,15738
tt6272828,5.6,3109
tt6173826,5.4,1279
tt6967980,7.5,14907
tt6711660,6.9,1508
tt4910010,8.2,28
tt5617172,5.7,257
tt6971752,6.9,6815
tt6080746,8.3,341
tt6926486,6.3,1369
tt6405126,5.3,2681
tt5697870,6.2,2294
tt5613834,6.3,4400
tt4977530,6.7,5993
tt3209826,3.9,276
tt6484982,7.7,13697
tt7340684,6.2,40
tt6265988,5.3,1519
tt6512784,4.2,976
tt5463608,6.5,13
tt2361746,6.4,3144
tt6352548,5.5,1272
tt5690142,7.3,7355
tt5745450,5.7,1781
tt7154994,7.4,69
tt7341406,6.4,383
tt6108090,7.9,17698
tt7471004,6.8,1655
tt6997642,6.9,444
tt7469726,7.6,10334
tt3338188,4.6,140
tt7399470,7,4707
tt5784860,3.7,363
tt7571718,8,45
tt6791730,7,4027
tt5743888,2.5,250
tt6143422,8,565
tt7549484,4.5,913
tt6712014,6.5,4105
tt2198235,6.5,801
tt6471054,7,602
tt4600778,6.5,564
tt4659548,6.8,230
tt4844708,7.4,18
tt4387040,8,49498
tt7722484,3.9,28
tt5310090,7.6,10507
tt5290620,1.9,3899
tt3726012,2.3,2343
tt7585620,7,77
tt3453964,6.2,126
tt4683366,6.4,4707
tt4399594,5.4,3991
tt4262516,3.1,2622
tt4340180,4,62
tt4979160,3.8,89
tt5209420,4.4,511
tt5286444,7.7,19046
tt5121000,7.8,4873
tt5216810,6,233
tt5130348,5.8,91
tt5313980,4.3,771
tt4979082,5.6,2308
tt4900716,7.7,20586
tt3410408,6.8,6582
tt5518128,4.3,744
tt3495026,7.1,39877
tt5005684,8.4,4530
tt5600714,8,3741
tt4864932,5.2,6088
tt3590416,5.6,163
tt4505006,6.1,40
tt2009592,5.7,186
tt2909396,2.9,193
tt2939912,6.7,2317
tt5638500,4.1,1373
tt4906984,5.8,4887
tt1890363,6.8,1867
tt5456810,5.8,6
tt5615116,6.5,277
tt5743656,6.9,2402
tt5120640,7.2,3778
tt5632164,5.3,590
tt4857886,6.4,1201
tt4814290,7.2,10451
tt4434004,7.8,23995
tt4581032,5.3,77
tt4365060,5.7,357
tt5662932,7.3,11202
tt3840534,4.2,610
tt4358344,7.3,146
tt4088588,8,3114
tt5760490,5,12
tt5784778,7.1,16
tt4832640,7,34328
tt5240748,5.6,1575
tt4675030,3.7,2020
tt4818930,7.2,1492
tt4579982,4.4,83
tt2963974,5.7,590
tt5713232,7.5,11411
tt3679060,5.1,5976
tt4022278,4.7,572
tt5165344,7.1,20764
tt5752458,6.4,17
tt3859980,5.7,9764
tt5472758,6.4,4633
tt4642936,5,270
tt5235880,3.2,3165
tt5197544,5.3,5608
tt5943306,4.9,2373
tt5639388,4.5,1543
tt5571734,8.2,33902
tt3043252,7.6,4287
tt5755606,5,923
tt5909308,7.4,221
tt5928576,6.1,72
tt4916048,6.8,291
tt4169250,7.7,29352
tt6040012,6.9,7323
tt6041458,5.4,658
tt6278732,7.5,94
tt6118134,4.9,38
tt3862004,5.5,132
tt5637188,5.7,586
tt5227468,2.9,354
tt2614722,6.6,1034
tt3771536,6.2,9161
tt6046994,4,135
tt4559006,5.8,18998
tt5717110,4.8,1028
tt2137241,5,1768
tt5156746,6.2,4340
tt5946128,7.6,32790
tt5108476,3.9,6490
tt5343678,5.7,344
tt5752374,5.7,176
tt5933706,3.2,101
tt4744086,5.8,4853
tt5638474,4.3,1000
tt5074352,8.4,131338
tt4940456,4.6,1581
tt3595298,4.6,16087
tt2140465,7.7,24338
tt4386684,5.9,205
tt3679000,5.5,4750
tt4535650,5.2,29502
tt3863552,8,65877
tt3735246,7.2,29141
tt3159708,4.2,5133
tt3848892,8,49426
tt3696192,5.1,6976
tt2424988,7.1,21430
tt4355892,2.7,18
tt4271730,3.7,1465
tt3398048,4.1,2756
tt4373886,5.1,250
tt4332114,4.6,2543
tt4338154,5.5,1501
tt3886444,4,1074
tt3337550,7.6,3950
tt2872050,5.4,24
tt3836958,6.8,6555
tt2976182,3.3,6789
tt3678782,7.4,20021
tt4094820,5.3,39
tt4384270,7.8,12
tt2334779,6.6,737
tt2202086,5.8,1194
tt3495030,7.5,15706
tt4501576,2.6,534
tt4107858,6,11096
tt4511416,4.6,124
tt3666258,6.5,98
tt4512230,3.3,119
tt3742284,7.2,11378
tt4333674,7,5196
tt3447364,7.6,14674
tt4594848,6.9,19
tt3717068,7.7,3373
tt2929690,7.2,3045
tt4500734,3.7,1578
tt4556848,5.1,283
tt3848938,3.7,1554
tt4671212,3,31
tt2800452,3.8,163
tt4354740,6.2,1822
tt2962230,3.9,109
tt2424988,7.1,21430
tt4272420,2.5,707
tt3767372,7.6,25692
tt2979920,5.7,5116
tt2140465,7.7,24338
tt4110568,6.8,13084
tt4023852,4.3,1013
tt3255586,3.9,67
tt2585654,4.5,6
tt3483612,6.7,4788
tt4707940,5.4,300
tt4541102,4.9,130
tt4581722,6.7,49
tt4610308,4.9,133
tt4654760,5.3,35
tt4635372,8.1,19904
tt4684028,5.3,800
tt4760750,4.1,56
tt4760900,7,42
tt3948240,3.8,141
tt2708644,3.6,499
tt3797478,7.3,22
tt3477214,6.2,417
tt4430212,8.2,58340
tt3422462,4.6,992
tt3547616,3.8,1399
tt3802576,6.5,10873
tt4513812,7.5,435
tt3449292,8,16622
tt4859310,4.1,52
tt3469244,5.8,7913
tt4467202,3.6,2041
tt4994210,5.4,5
tt4934950,8.2,26612
tt4467262,4.9,2543
tt4117066,7.2,527
tt4921860,6.8,8389
tt4897908,4.2,766
tt3619710,5.1,851
tt4323504,5.8,3021
tt4995402,5.1,28
tt5021968,7,58
tt4302956,5.7,5251
tt4430136,7.3,13059
tt4651394,3.9,170
tt4007558,3.6,4352
tt3019620,7.6,3677
tt4024944,6.3,1488
tt4853926,4.7,541
tt2190820,4.6,152
tt5052972,5.6,214
tt4565796,4.9,17
tt5207116,5.5,498
tt3368222,7,2487
tt3148502,7.2,20610
tt4865436,4.5,2775
tt3261022,6.6,114
tt4309284,6.6,57
tt2876408,3.6,450
tt3693936,7.2,171
tt5151622,3.7,118
tt0073707,8.2,47924
tt2675978,7.1,6604
tt3465488,2.8,111
tt3382148,2.7,2891
tt1629715,6.3,2700
tt0246825,7.3,280
tt2907156,5.1,83
tt1867064,6.8,31
tt2574698,2.3,56670
tt1188982,5.2,15868
tt3173910,6.8,12622
tt3334348,5.2,429
tt3303416,6.1,270
tt3449320,4.9,872
tt2951576,4.1,688
tt3426144,6.8,76
tt2980794,7.6,24037
tt2196638,7.5,195
tt3302962,5.6,3613
tt2573750,6.1,1973
tt3322420,8.2,56406
tt3483646,5.5,3455
tt2727028,5,2726
tt3565354,4.3,53
tt2976176,8,1240
tt2609218,3.8,2521
tt3539966,5.2,918
tt3614516,8,8672
tt3531604,3.6,320
tt3166542,6.8,43
tt3483596,3.4,527
tt4335698,2.3,7
tt2372678,6.9,22060
tt2708550,6.8,415
tt3531852,6.7,4480
tt2762334,5.2,6907
tt2612924,5.3,66
tt2191164,7.5,89
tt3514330,5.1,1742
tt3636776,6.3,1013
tt3681414,6.2,683
tt2063745,7.4,1761
tt3640942,5.6,240
tt3056632,7.3,462
tt3672618,6.2,273
tt3431714,4.8,414
tt3645014,3.2,1419
tt3369670,6.7,848
tt3501994,7.4,1560
tt3585758,6.5,13
tt2998196,5.4,229
tt3142232,5.3,7438
tt3709344,7.3,4141
tt2417560,7.3,3162
tt3290688,4.6,1483
tt3038772,4.3,539
tt2208248,2.7,136
tt2429930,5.6,62
tt3524410,3.8,240
tt3175038,6.4,14964
tt3359290,5.5,1922
tt3036740,1.8,7216
tt3678938,6,10065
tt3619772,4.4,1903
tt3716142,4.9,653
tt2283894,6.5,39
tt3822600,5.5,329
tt2556308,7.2,23733
tt3683702,4.7,931
tt3854246,5,12
tt3794302,6.2,866
tt2978626,4.5,6885
tt2309764,5.7,6745
tt3495000,7.3,9623
tt3483712,6.1,3666
tt3001638,6.8,9307
tt3619854,3.1,1160
tt3142688,5.8,5897
tt3554418,6.4,6981
tt3720634,5.4,488
tt2372222,5.3,22323
tt3814100,6.2,97
tt1826763,5.4,22
tt3881136,5.3,43
tt3877652,4.2,111
tt3390572,8.1,46912
tt2905838,5.5,20431
tt3893476,5.7,28
tt3398052,6.1,5103
tt4087770,3.8,40
tt4010306,4.9,286
tt2317135,4.6,275
tt2691010,2.7,169
tt3169676,3.5,8
tt3021244,6.4,24
tt2871010,5.5,800
tt2461132,5.1,32113
tt2630076,4.7,351
tt3847072,6.1,468
tt1239276,7.1,1699
tt3848888,5,2632
tt3796006,5.7,639
tt1704680,5.7,220
tt4219300,4.5,82
tt3309844,4.8,88
tt3380264,4.3,3641
tt2392447,5.7,3208
tt3017412,5.4,3136
tt4190220,6.5,336
tt4228746,4.4,929
tt0403935,3.2,2955
tt0839742,7.2,1860
tt4045666,5.8,299
tt2767712,4.7,113
tt2216852,5.2,323
tt2882328,8.1,17483
tt2338151,8.1,143605
tt2613942,5.9,44
tt2106537,5.6,5794
tt2679480,7.2,2419
tt2094854,6.1,2352
tt2624852,7.5,282
tt2423132,6.2,1586
tt1855268,5.5,159
tt1375789,5.3,14300
tt2318401,6.1,114
tt2224313,6.8,553
tt2377938,8,46590
tt2429640,4.9,2182
tt2171454,3.5,1187
tt2213054,7.6,25031
tt2404187,7.8,29
tt2857500,7.1,883
tt2404519,3.6,1064
tt2323964,6.4,4224
tt2621000,7.5,15157
tt2362778,6.8,3540
tt2389486,6.8,90
tt2199711,8.2,38016
tt2706264,5.1,387
tt2203308,7,24878
tt2406676,5.7,3628
tt2344678,1.7,7470
tt2341766,5.8,3891
tt2622130,5.3,1143
tt2658126,6.1,3935
tt2797242,6.7,4576
tt2436516,6.6,10605
tt2814372,5.6,734
tt2804026,6.5,3674
tt1986040,3.8,692
tt2929840,2.7,208
tt2178470,7.1,34952
tt2806788,6.9,9666
tt3324810,6.8,86
tt2359810,7.6,27434
tt2912578,6.5,1406
tt2066062,2.4,238
tt2246724,5.8,4450
tt2100543,3,135
tt2861320,4,1263
tt2356180,8.2,56205
tt2976172,6.3,1581
tt2408040,6.4,3219
tt2941856,5.1,205
tt2215163,4.4,415
tt2848824,5.3,693
tt2188811,5.5,63
tt3044882,3.2,1098
tt2337292,6.7,217
tt3311236,5.2,5
tt2306635,6.2,20
tt2385104,7.2,8421
tt2932606,7.3,582
tt1891884,4.6,6211
tt2855648,7.7,21393
tt2275802,5.9,4623
tt2988272,5.7,5699
tt2357926,5.6,3118
tt2112124,6,45649
tt2476154,4.3,5423
tt2699840,5.7,735
tt3177332,4.3,1424
tt2615584,4.8,3965
tt1773764,8,5833
tt2350496,7.8,43790
tt2222716,5.4,61
tt2571140,5.1,9674
tt2181831,8.3,13537
tt2796318,6.1,2459
tt3059106,5.9,882
tt2438764,2.8,283
tt2554042,6.7,64
tt3005850,4.3,156
tt2401719,5.9,313
tt3766798,6.3,6
tt2375567,1.9,145
tt2275794,5,3250
tt3357416,5.1,151
tt3309662,2,657
tt2229842,7.1,10364
tt2551378,5,3508
tt1833673,5.4,41052
tt2229848,5.4,4702
tt2224317,7.3,13794
tt3129282,5.5,866
tt2184125,6.1,444
tt2175671,2.2,207
tt1941638,7.1,1251
tt2437954,5.7,2044
tt2215477,6.4,17246
tt1849718,6.9,20827
tt1703958,5.7,6081
tt2126282,5.9,2742
tt2378057,5.5,285
tt2191721,3.5,1063
tt2130242,5.8,3831
tt2188893,5.7,26
tt1620933,8.2,29994
tt1821480,8.1,53181
tt2164702,4.7,27
tt1395025,5.1,6708
tt2246595,5.1,893
tt2265191,7.2,2030
tt2211133,2.7,23
tt2158633,4.3,14
tt2191641,4.1,374
tt2347289,4.1,339
tt2317337,7.8,36545
tt2309987,5.3,3234
tt1706317,3.9,2001
tt1971365,3.9,783
tt2308773,6.5,6214
tt2186731,3.2,902
tt1286766,5.7,360
tt2404027,6.8,1286
tt2327389,5.5,233
tt2072227,7.2,9143
tt2122340,6.4,4693
tt2354407,4.7,3669
tt1127220,4,80
tt2402745,6.9,24
tt3431756,3.1,9
tt1954470,8.2,71636
tt2168910,6.3,12514
tt2156785,7.3,379
tt2027138,5,3494
tt2339549,4.9,187
tt1563732,5.2,59
tt2016894,5.5,26996
tt1954470,8.2,71636
tt2251552,6,157
tt2187972,4.2,983
tt1918886,2.4,4716
tt2243336,5.8,23
tt2232524,3.5,178
tt2321492,6.3,157
tt2185084,6.2,68
tt2387495,7.2,334
tt2082197,8.1,70443
tt1949548,5.1,3763
tt2367056,6.3,41
tt2402131,4.2,532
tt2294685,6,22
tt2283748,8.2,46072
tt2255934,4.3,1571
tt1785333,7.2,1334
tt2406636,2.5,480
tt1172587,5.7,1481
tt2292625,6.8,2876
tt2172071,5.4,13358
tt2356959,4.2,491
tt2256514,3.7,793
tt2222550,4.8,1587
tt2317103,6.5,67
tt1956433,5.6,78
tt2176013,6.7,48945
tt1787988,7.2,36801
tt2188805,6.2,87
tt2178508,4,8258
tt2346744,4.5,21
tt2112131,4.9,14077
tt1784589,4.1,3621
tt1980986,5.2,12146
tt1728986,5.5,7533
tt2181931,7.8,31107
tt1948047,2.3,56
tt1773109,5.6,3739
tt1900937,5.8,6
tt1433810,7,11792
tt1666184,5.2,351
tt1825801,5.1,533
tt1727496,5.7,3387
tt1821692,3.9,43
tt1809399,6.1,285
tt1535467,5.6,8301
tt1629376,6.1,5059
tt1694542,6.7,12091
tt1667076,4.6,2758
tt1895476,7.1,357
tt1720254,4.6,4747
tt1825655,6.5,80
tt1465488,3.6,18
tt1867070,4.3,297
tt1618430,6.2,3653
tt1916728,7.2,3221
tt1605790,4,274
tt1884268,6.8,2819
tt1814619,3.7,59
tt1886663,5.5,60
tt1887817,5.6,68
tt1629295,6.9,804
tt1363125,2.5,268
tt1887763,6.2,1888
tt1695793,5.4,403
tt1890513,4.9,2296
tt1907761,7.8,5407
tt1828289,7,1648
tt1883121,7.2,1793
tt1836912,7.2,7616
tt1926313,7.7,18369
tt1939654,4.7,1179
tt1937092,4,1230
tt1728239,3.8,3105
tt1869296,5.6,2580
tt1934231,7.5,25281
tt1918965,6.2,5899
tt1841542,7.4,6255
tt1562872,8.1,60826
tt1980970,2.6,188
tt1805263,8,3186
tt1947973,3.9,225
tt1942905,4.3,119
tt1948150,6.7,13176
tt1801521,5.8,92
tt2012576,7.3,429
tt2032530,5.7,121
tt2023645,5.3,166
tt1848771,6.2,4629
tt1363363,1.7,547
tt1630282,4.9,259
tt1729637,4.6,20745
tt1826051,5.1,68
tt1999935,5,666
tt2034011,3.7,270
tt2066925,5.5,31
tt1740710,5.8,8390
tt1627924,4.7,4964
tt1847736,6,91
tt1992138,6.4,6497
tt2073070,7.2,3709
tt1696191,5.4,237
tt1736552,5.7,2123
tt1368453,6.3,84
tt1877691,5.7,930
tt2057441,6.9,3708
tt2033947,4.4,329
tt1562871,4.6,36221
tt1839596,7.7,35757
tt2104937,3,159
tt1961530,2.5,316
tt1503640,4,388
tt1954598,5.9,8069
tt1985981,5.7,12089
tt1772872,5.1,1786
tt1734110,7.2,10164
tt1830786,2.9,2377
tt1954206,6.6,8067
tt1351224,4.6,2836
tt1392744,4.7,2562
tt1512220,5.3,334
tt1185412,4.6,6801
tt1573482,7,966
tt1451797,6.9,2200
tt1345777,7.3,9431
tt1471247,7.5,642
tt2112978,5.4,94
tt1596723,3.5,293
tt1605778,5.2,339
tt1188996,8,92755
tt1183917,4.1,1341
tt1373156,7,9451
tt1285241,7.1,47109
tt1612573,4.3,115
tt1606162,6.1,66
tt1191130,6.4,799
tt1620971,5.7,26
tt1437367,8,666
tt1620907,6.2,258
tt1629424,2.7,16
tt1600439,5.5,698
tt1465493,4.7,613
tt1397492,7.3,1602
tt1442583,5.7,307
tt1194232,3.8,512
tt1610418,3.5,194
tt1183944,4.6,67
tt1620620,7.6,1949
tt1194236,4.9,1413
tt1612611,3.2,459
tt1285245,6.4,502
tt1425618,3.4,206
tt1608768,6.8,342
tt1594964,4.8,87
tt1573072,5.3,11568
tt1607607,4.8,9
tt1319716,5.3,1385
tt1455816,4.2,1753
tt1334470,5.4,3897
tt1629241,6,482
tt1673411,4.3,146
tt1198101,6,11605
tt1608777,7.1,4894
tt0443331,4.1,1606
tt1629260,3.5,40
tt1646217,4.2,175
tt1309561,5,594
tt1455811,5.6,8717
tt1629391,7.2,9872
tt1639426,8.2,39567
tt1395054,7.4,15169
tt1663647,4.4,338
tt1447508,7.4,11141
tt1606267,5.2,1871
tt1191118,2.7,100
tt1722425,7.4,472
tt1227524,7.1,1136
tt1630613,6.6,83
tt1620719,6.3,25794
tt1738293,7.2,1774
tt1245732,6.4,318
tt1745753,4.8,40
tt1649760,6,278
tt1244093,2.9,1462
tt1753640,5,1686
tt1714832,7.6,4556
tt1708453,7,2987
tt1744641,5.9,361
tt1558578,5.9,1857
tt1322257,6.1,1733
tt1438298,7.4,15925
tt1292642,6.2,281
tt1578261,5.2,3714
tt1920986,4.2,82
tt1773015,7.5,4660
tt1609147,7.3,20
tt0988655,4.6,191
tt1431122,4.2,1961
tt1610452,7.2,14081
tt1808221,3.2,209
tt1388903,6.6,792
tt1572311,2.5,10417
tt1781838,5.7,344
tt1189006,4.2,628
tt1221147,6,191
tt1279105,3.4,132
tt1667838,5.6,7059
tt1182884,4.2,2314
tt1499201,5.8,5697
tt1742307,3.7,137
tt1124386,3.9,113
tt1396208,4.2,5094
tt9052964,2.5,158
tt10404768,7.5,19
tt10360496,7.6,570
tt7743400,,
tt9248934,,
tt9172840,,
tt8876008,,
tt9495690,,
tt10196464,,
tt10443846,,
tt8110330,,
tt9680136,,
tt8983168,,
tt5668770,,
tt7059844,,
tt8504014,,
tt6752836,0,0
tt6750100,6.2,31
tt9574388,0,0
tt7881528,0,0
tt4303010,7.1,15895
tt5309720,2.7,788
tt6656806,0,0
tt7997334,0,0
tt4718678,0,0
tt10635372,0,0
tt3482198,0,0
tt1680317,0,0
tt1187043,8.4,310481
tt0886539,7,8979
tt1275863,6.8,13609
tt1084972,6.6,17321
tt1043451,6,6452
tt1340838,5.6,2976
tt1252594,3.8,41
tt1252596,6.3,11190
tt1438486,4.6,247
tt1230448,6.1,9507
tt1183946,7.4,2197
tt0438894,3.3,120
tt1391544,5.6,613
tt0483701,3,115
tt1170411,3.7,427
tt1274295,7.4,15696
tt1369669,3.5,237
tt1119188,6.7,348
tt1261047,8.1,12799
tt1305840,5.8,860
tt1202517,6.8,932
tt1263679,7.4,1796
tt1372681,5,812
tt1370429,7.3,2521
tt1454461,4.8,286
tt1420539,4.2,43
tt1278447,6.4,250
tt1479857,6.4,46
tt1176961,4.2,471
tt1328634,6.8,9656
tt1252614,6.2,574
tt1229390,3.4,806
tt1242782,4.8,2187
tt1229366,5.2,1176
tt1404573,3.9,331
tt1372266,5.4,256
tt1002963,7.8,871
tt1479667,5.1,354
tt1135931,5.8,168
tt1176911,5.9,757
tt1324076,5.2,512
tt1508950,5.2,287
tt1236441,6.9,70
tt1512321,5.4,327
tt1202540,4.5,3528
tt1242530,4.6,2417
tt1201557,5,625
tt1433905,6.1,5100
tt1324059,7.6,25630
tt1174041,3.6,2494
tt1223922,3.7,4203
tt8823390,7.4,10
tt1634329,3,59
tt1227762,4.6,2540
tt0486615,5.4,3905
tt1245774,6.2,1097
tt1522329,4.9,1296
tt1185442,5.7,4351
tt1255951,5.3,6357
tt1532957,7.2,10796
tt1434447,7.5,16941
tt1210356,6.3,504
tt1570417,3.9,274
tt1091229,4,7266
tt1185420,6.5,12910
tt1017456,6.6,11830
tt1182937,7.1,40973
tt1166100,7.3,53086
tt1146325,5.7,13333
tt1092005,5.1,6427
tt0449994,7.6,27541
tt1182972,6.2,9439
tt0991346,6.3,7053
tt0490210,6.8,6798
tt0892874,6.1,2045
tt1127869,7,43
tt1159917,4.6,397
tt1199534,6.2,47
tt1039989,5.3,2349
tt1176960,5.2,2226
tt1182908,4.2,1832
tt1039995,5.9,2325
tt1224454,6,88
tt0995752,3.8,4580
tt0885398,3.3,238
tt1228707,1.5,176
tt1216300,6.9,5196
tt1446055,4.9,53
tt1043876,3.4,370
tt1170404,5.3,1716
tt1260689,6.4,224
tt1024839,4,748
tt1252488,3.4,224
tt1267400,4.2,37
tt1191138,4.9,2093
tt1220718,5.5,155
tt1105733,5.2,4894
tt0490170,2.6,2157
tt1242843,4.2,213
tt1179781,3.4,980
tt1126516,2.8,515
tt0476550,3.6,3344
tt1266583,7.7,5305
tt1132595,3.1,466
tt1230165,7.8,19565
tt1170399,5.4,894
tt1266545,4,474
tt1287847,6.9,358
tt1213928,7.1,773
tt1301698,6.4,2588
tt1039969,7,1000
tt1221139,6.9,2895
tt1241334,5.2,93
tt1255873,1.9,260
tt1060249,2,2269
tt1087856,3.3,1769
tt1156148,2.1,1117
tt1114725,5.6,1896
tt1050739,5.2,1184
tt1194608,5.3,392
tt1158700,1.5,1682
tt0964516,6.9,11055
tt1288638,7.8,5612
tt1105747,4.1,3707
tt1292703,7.7,15014
tt1312135,5.4,250
tt1327833,6.1,1001
tt0983990,7.9,1121
tt1024852,4,86
tt1372304,3.9,66
tt1372694,3.7,72
tt1218345,5.8,615
tt0473310,1.7,6421
tt0995840,2.1,1548
tt0875692,4,259
tt0953306,6.7,784
tt0986213,6.3,2693
tt0814014,6,2514
tt1020937,7.2,5862
tt1014672,7.6,10459
tt0995031,7.2,19469
tt1214948,4.1,103
tt0476762,3.8,710
tt1151299,6.4,25
tt1107308,3.2,24
tt1073097,6.2,144
tt0400234,8.5,16761
tt0457802,7.6,1663
tt0893395,8.2,187
tt1083447,2.5,332
tt0872190,3.4,1698
tt0976026,6.8,4595
tt1108831,4.7,84
tt1085806,3.8,544
tt0871510,8.2,68421
tt0845448,7.2,11567
tt1120897,4.9,2157
tt1047459,8,912
tt1083988,4.5,309
tt1090650,6.3,405
tt1099196,7,2623
tt0995035,6.2,4203
tt0995718,7.3,4346
tt1353093,5.8,57
tt0459293,7.3,1508
tt0459652,4.5,62
tt0823451,5.7,1443
tt0459605,6.1,2983
tt1016177,2.8,133
tt0982875,3.6,101
tt0806088,6,12013
tt0499375,7.7,20404
tt0808306,6.1,2087
tt1236470,4.3,29
tt0833476,3.7,2865
tt1093370,7.9,43507
tt0489486,3.7,1541
tt0493417,3.3,1713
tt0995823,6.3,477
tt1077248,7.8,10612
tt0785004,5.4,434
tt0887753,3.6,319
tt0857385,3.6,64
tt1079967,2,130
tt0985636,5.3,2160
tt0800956,7.4,10056
tt1012757,7,749
tt0920464,7.7,6013
tt0329354,4.8,1765
tt0860454,7.1,2028
tt0979891,4.2,416
tt1020978,5.3,1241
tt1127870,5,176
tt0433416,7.5,18211
tt0795434,7.1,19769
tt0397551,4.7,601
tt0476819,3.8,435
tt0824375,5.4,1494
tt0995740,7.2,5817
tt1024943,6.7,35974
tt0807758,5.7,10305
tt0898943,4.2,263
tt0845494,6,364
tt0979913,5.9,245
tt0845529,6.7,517
tt0845535,2.4,525
tt1047519,2.9,209
tt0485272,5.1,4943
tt0758053,5.3,6957
tt0476861,4.2,100
tt1020899,6.4,84
tt0896968,3.3,284
tt0811066,7.1,8778
tt0882967,5,325
tt0984122,7,327
tt0986264,8.4,148498
tt0833553,5.6,3845
tt0816657,2.9,480
tt0819810,6.5,1356
tt0995827,4.3,950
tt1152845,3.8,108
tt4249442,6.5,24
tt0488798,6.8,15994
tt0477252,5.6,3862
tt0389551,3.5,8
tt0810058,3.5,781
tt0831840,7,1290
tt0476729,4.8,1001
tt0813996,3.8,1076
tt0800981,5.4,564
tt0493437,5.2,1697
tt0495022,4.1,338
tt0470611,6.3,128
tt0419468,5.4,2836
tt0465376,4.3,15
tt2435680,5.1,7
tt0412308,7.2,2501
tt0449189,6.2,301
tt0808164,5.9,461
tt0805184,6.3,9329
tt0454429,4.7,168
tt0897413,4.1,116
tt2668860,7.3,21
tt0454396,4.5,283
tt0464160,6.7,7045
tt0488381,6.5,1831
tt0476649,5.4,1705
tt0946999,6.3,406
tt0814082,3.4,429
tt0471646,5.3,312
tt0841096,4.7,34
tt0441048,6.5,21960
tt0824316,8,5255
tt0461936,7.2,32312
tt0437182,5.6,1740
tt0439662,7.2,29219
tt0495032,7.1,4906
tt0495034,7.4,13600
tt0797833,4.3,30
tt0456413,3.2,1260
tt5216486,6.3,7
tt0444840,5.2,3709
tt0314186,4.8,488
tt0857381,4.1,1060
tt0827714,2.8,157
tt0456481,6,7571
tt0485466,2.8,433
tt0461062,4.7,134
tt0880464,4.7,39
tt0466460,8.3,20538
tt0449999,6.1,17001
tt0833493,4.2,37
tt0456144,8.1,39486
tt0770214,6.8,2923
tt0819777,3.6,255
tt0432637,6.3,16590
tt0476805,6.9,4892
tt0488414,8.1,17594
tt0480572,6.7,2850
tt0813540,3.1,916
tt0419058,6.7,13821
tt0461323,3.2,745
tt0418880,3.5,824
tt0107867,5.7,23
tt0466965,6,22
tt0405508,8.2,103071
tt0430589,4,936
tt0430202,5.4,703
tt0489560,4,691
tt0470521,2.2,712
tt0831816,4,314
tt0833537,4.8,34
tt0475627,4.9,990
tt0118849,8.3,56293
tt0444915,4.5,399
tt0833484,4.6,929
tt0485522,5.5,1757
tt0476884,7.2,8717
tt0779768,2.5,272
tt0494290,6.6,8290
tt0489582,4.4,27
tt0892113,7,195
tt0833561,6.6,1115
tt0470614,6.7,584
tt0785069,5.7,61
tt0823261,4,227
tt0476888,3.2,515
tt0477253,4.2,1396
tt0874854,4,61
tt0451631,7.4,3846
tt0451639,2.7,194
tt0453582,5.4,232
tt0444767,4,538
tt0363472,4.3,2187
tt0375611,8.2,31658
tt0488906,5,3017
tt0476527,6.6,5321
tt0926029,4.8,36
tt0497887,6.6,18
tt0419499,6.5,47
tt0444769,4.1,567
tt0448206,6.2,5769
tt0447890,4,67
tt0487149,3.2,39
tt0466367,4.9,47
tt0454431,4.8,1780
tt0454435,6.8,1126
tt0444781,5.3,4107
tt0483239,3.7,47
tt0449870,3.8,112
tt0442764,4.8,306
tt0449228,5.5,2286
tt0454433,4.9,47
tt0415768,5.5,2873
tt0416712,4.4,634
tt0444820,4.3,148
tt0457875,5.2,1485
tt0497620,3.3,66
tt0461209,5.8,552
tt0489028,4.1,41
tt0854114,6.8,184
tt0457940,3.2,549
tt0453671,6.7,12418
tt0453729,8.1,14864
tt0457391,5.8,464
tt0411469,7.9,4413
tt0438875,4.6,1174
tt0436451,3.5,572
tt0444849,5.5,1215
tt0415908,4.6,4432
tt0499041,6.5,2170
tt0470398,4.6,58
tt0488836,7.3,494
tt0454481,3.6,312
tt0396690,4.5,1250
tt0488840,5.4,194
tt0437279,3.3,219
tt0445022,5.5,407
tt0453748,3.4,266
tt0456500,6.1,2956
tt0449306,4.7,3010
tt0444874,4.7,922
tt0451787,5.5,3316
tt0485513,7.3,1794
tt0454504,7.4,673
tt0451803,5.5,4203
tt0346457,6.6,8873
tt0478868,4.8,71
tt0813539,5.1,53
tt0419992,7.3,1083
tt0451824,6.2,834
tt0443594,4.3,724
tt0470869,3.2,1371
tt0451833,6.6,9807
tt0435259,2.5,168
tt0443708,7.3,6474
tt0419974,6.9,290
tt0437407,7.2,8447
tt0473684,5.8,58
tt0451850,6.5,11820
tt0443208,5.1,390
tt0439754,5.9,157
tt0456165,6.2,6230
tt0420123,5.2,33
tt0432047,7.6,14694
tt0477857,7.8,1861
tt0409527,5.1,1262
tt0459133,6.2,48
tt0445056,3.5,238
tt0476848,6.7,872
tt0438981,4.1,661
tt0451919,7.5,6878
tt0328503,5.2,154
tt0444913,6,1488
tt0466546,6.5,78
tt0442855,5.6,760
tt0475645,4.4,1896
tt0466398,5.3,53
tt0449389,3.5,786
tt0420304,7.1,1939
tt0390614,6.8,9084
tt1483815,5,8
tt0453978,5.1,651
tt0451983,5.4,1717
tt0420332,7.8,45896
tt0347473,7,29914
tt0449447,2.9,293
tt0418362,6.7,12411
tt0422091,6.7,16754
tt0347332,7.4,14234
tt0378072,7,12376
tt0437238,6.9,5779
tt0405507,5.4,3402
tt0382383,7.4,8045
tt0418460,6.6,9027
tt0377340,4.6,912
tt0397882,4.6,1312
tt0363409,5.7,2626
tt0409724,6,550
tt0383975,7.1,1817
tt0363413,5.4,88
tt0368580,3.4,534
tt0410952,5.2,285
tt0387989,6,1272
tt0364303,6.9,1242
tt0328729,5.1,1663
tt0396563,4.4,1356
tt0430030,3.1,120
tt1137434,2.3,204
tt0432506,4,27
tt0414040,4.2,713
tt0422236,5.5,2224
tt0415003,5.5,3122
tt0338959,4.7,136
tt0352314,7.6,6000
tt0414714,3.2,321
tt0432536,4.4,461
tt0440463,6.2,101
tt0408837,2.7,195
tt0419828,6.2,222
tt0421277,4.1,364
tt0400571,5.1,41
tt0349620,5.3,78
tt0442799,2.5,126
tt0405046,4,81
tt0379818,6.1,483
tt0357283,7.6,1006
tt0391274,3.7,412
tt0426075,4.4,819
tt0408976,5.1,815
tt0349703,4.2,1610
tt0430328,4.6,350
tt0323013,7.9,18777
tt0392950,3.1,139
tt0379370,8.2,7997
tt0406977,6.2,5413
tt0366761,6.2,280
tt0430381,5.5,1600
tt0054098,8.3,6480
tt0409068,4.4,172
tt0187279,3.9,627
tt0433605,4.2,543
tt0349878,7.5,913
tt0399942,5.2,730
tt0422950,6.1,1590
tt0364604,4.2,779
tt0416120,4.6,697
tt0396782,4.1,122
tt0430480,4,79
tt0418096,3.7,554
tt0405266,7.6,3629
tt0366985,2.6,1020
tt0414503,5.2,90
tt0411815,4.8,1167
tt0423087,4.4,1824
tt0402606,2.4,133
tt0367110,8.2,76737
tt0435437,4.4,2250
tt0415943,7.4,25
tt0410591,3.7,141
tt0430702,4.5,623
tt0416282,4.9,585
tt0385351,3.8,1519
tt0410954,6.3,56
tt0306228,4.9,990
tt0420250,5.7,15
tt0254481,7.1,19430
tt0347304,8,58925
tt0435390,5.3,130
tt0346723,6.5,13604
tt0347167,5.2,1901
tt0337578,7.4,14248
tt0265148,4,3928
tt0347416,5.1,2284
tt0374887,8.1,67148
tt0364621,4.7,1978
tt0349058,4.6,59
tt0338490,7.9,2029
tt0389726,6.1,98
tt0348521,4.8,232
tt0341266,6.5,3017
tt0330082,2.3,1277
tt0426863,3.3,14
tt0346507,5.3,2122
tt0346507,5.3,2122
tt0331851,5.2,1025
tt0326805,4.8,781
tt0366276,5.7,446
tt0349115,3.1,304
tt0377126,7.5,26
tt0309800,3.9,89
tt0330217,4.7,1474
tt0349333,6.3,2734
tt0387164,7.2,218
tt0353351,2.3,232
tt0345043,3.7,443
tt0397941,7.6,810
tt0314006,5.6,1470
tt0391079,4.8,76
tt0832297,7,42
tt0374660,5.3,712
tt0312664,4.5,155
tt0380337,4,75
tt0373856,7.8,14295
tt0369516,3.3,272
tt0362696,7.6,2399
tt0402178,8.7,333
tt0354538,5.2,1682
tt0371735,7.5,11388
tt0292527,5.9,179
tt0361625,7.2,421
tt0348644,4.7,47
tt0391165,4.6,738
tt0385782,5.3,131
tt0340178,4.1,402
tt0362771,6,3647
tt0378025,6.2,143
tt0368811,5.7,516
tt0348843,5.2,1933
tt0347278,7.2,1839
tt0392033,7.4,17
tt0378157,6.2,42
tt0352489,5.2,80
tt0371775,4,432
tt0366630,2.9,327
tt0366658,3.8,28
tt0348656,4.4,1458
tt0349679,4.2,186
tt0348662,4.2,762
tt0369637,5.4,2123
tt0374848,6,488
tt0363721,6.2,335
tt0381408,3.6,125
tt0358613,4,29
tt0388315,3.3,213
tt0382188,5.2,228
tt0379375,7.7,1850
tt0366880,2.1,244
tt0347779,8,2374
tt0363833,3.3,504
tt0371922,5.8,823
tt0384491,6.9,1529
tt0362902,5.4,338
tt0341562,6.9,499
tt0352830,4.3,293
tt0330783,6.3,297
tt0377131,6.9,592
tt0357208,2.6,104
tt0375021,6.5,292
tt0410521,8,169
tt0385982,3.8,181
tt0374271,7.1,15219
tt0348258,6.5,323
tt0338477,4.7,1292
tt0348172,6,476
tt0386499,4.4,123
tt0357328,3.9,175
tt0383719,5.7,682
tt0307873,6.5,2478
tt0382385,5.3,1324
tt0387678,7.3,675
tt0238936,7.6,35705
tt0294662,6.6,4267
tt0222024,5.4,6040
tt0306434,7.4,11499
tt0330843,6.8,6263
tt0296574,8,13474
tt0319020,6.2,7059
tt0326576,6.3,2729
tt0313844,6.9,1091
tt0324951,5,570
tt0326722,4.6,333
tt0321067,3.4,182
tt0247911,3.1,2122
tt0338721,3.1,125
tt0315777,6.3,40
tt0272736,5,4604
tt0321494,4.6,434
tt0325041,4.4,585
tt0331216,4.2,1003
tt0348824,4.4,463
tt0331421,5,699
tt0337585,6.6,967
tt0405722,6.6,8
tt0494924,3.1,13
tt0337971,6.6,2281
tt0335044,5.2,423
tt0328998,5.3,1499
tt0331479,2.9,525
tt0375733,6.8,113
tt0307866,5.5,221
tt0391187,6.5,11
tt0331256,3.3,325
tt0308347,3.7,1146
tt0320097,4.4,1212
tt0396057,5.8,40
tt0326983,2.8,2748
tt0337652,4.5,655
tt0342624,3.9,356
tt0367919,4.7,13
tt0322936,4.7,171
tt0306840,3.4,241
tt0311411,3.7,338
tt0327004,5.6,487
tt0312883,3.8,401
tt0327005,3,231
tt0313395,4.5,269
tt0307116,3.4,1066
tt0326600,3.8,1013
tt0341455,7.4,1517
tt0337633,5.7,555
tt0311356,8.3,113
tt0341458,4.1,62
tt0322653,5.3,1960
tt0292113,6.8,240
tt0248216,5,2553
tt0305455,6.4,647
tt0327071,5.5,1713
tt0323415,5.7,6
tt0274019,3.9,284
tt0335592,3.5,87
tt4063584,6.8,13
tt0315632,5.6,1099
tt0331639,6,4340
tt0284479,4.6,420
tt0319736,8.1,13455
tt0310254,5.6,2384
tt0318956,4.6,147
tt0339878,3.7,203
tt0307682,4.3,225
tt0316911,4,29
tt0309087,5.2,60
tt0332766,6.4,413
tt0341549,4.6,800
tt0328671,4.8,1997
tt0340464,5.8,46
tt0248126,7.4,41143
tt0338566,4.8,217
tt0169102,8.1,95686
tt0284137,7.2,9372
tt0300028,5.3,1991
tt0292490,8.1,62313
tt0256692,5.4,3907
tt0248617,4.4,3034
tt0293342,6.7,2357
tt0294264,7.1,1746
tt0305173,4.7,1026
tt0273406,3.8,357
tt0289845,5.9,1518
tt0278291,6.3,7480
tt0272543,3.5,107
tt0249371,6.5,12612
tt0118578,3.7,655
tt0283911,3.8,550
tt0284083,5,1418
tt0466208,5,23
tt0477574,5.8,22
tt0279021,4.5,73
tt0273164,5.7,79
tt0267363,7.6,2284
tt0301179,4.6,378
tt0273535,4.1,92
tt0302524,5.6,81
tt0272607,4.3,380
tt0275381,5.1,73
tt0284999,7.5,54
tt0278522,5.8,1988
tt0292552,4.1,362
tt0317811,4.4,92
tt0271604,4.6,574
tt0272688,6,801
tt0299027,7,277
tt0297983,4.6,67
tt0446159,6,20
tt0272735,4.3,85
tt0284328,5.1,1013
tt0396044,4.5,11
tt0291376,7.8,12522
tt0227194,5.4,4484
tt0297241,5.3,1696
tt0287537,6,1409
tt0285958,4,528
tt0281102,5.7,719
tt0285319,6.6,39
tt0301240,6.3,356
tt0169102,8.1,95686
tt0306855,6.7,1607
tt0299108,7.5,6232
tt0265452,5.3,97
tt0277981,5.5,219
tt0847758,6.6,39
tt0292740,4,607
tt0290326,7.5,2879
tt0298606,5.7,704
tt0255713,6.2,1384
tt0213890,7.1,25313
tt0255111,6.5,6322
tt0248185,6.7,5977
tt0234000,6.9,12566
tt0247944,4.9,1106
tt0247992,5,2703
tt0301250,4.9,278
tt0298607,3,133
tt0151150,6.1,8795
tt0254927,4.1,236
tt0437058,4.5,22
tt0248012,6.1,3541
tt0402796,4.8,6
tt0250690,5.4,1738
tt0250483,5.9,1788
tt0286504,3.7,196
tt0252277,4.6,1728
tt0326745,4.4,173
tt0230055,5.4,563
tt0494926,4.5,25
tt0271996,4,5
tt0280465,7.1,271
tt0261545,7.3,537
tt0270880,4.2,448
tt0255097,4.6,523
tt0255112,3.8,1184
tt0116391,6.3,199
tt0213677,4.9,120
tt0244528,5.3,1488
tt0250415,5.2,3778
tt0272651,5.4,100
tt0242519,8.2,49963
tt0255212,5.6,1650
tt0249588,2.7,338
tt0222012,7.9,10477
tt0255120,5,187
tt0245825,4.7,2626
tt0221982,5.1,682
tt0354662,5,20
tt0263491,4.9,1035
tt0289725,4.2,315
tt0251756,6.1,993
tt0268401,4.4,1722
tt0250452,5.1,858
tt0220596,4.5,323
tt0255305,5.3,1598
tt0311413,4.3,177
tt0255309,6.1,864
tt0218533,6.8,2069
tt0232079,3.8,3804
tt0222270,6.2,6262
tt0255543,3.5,72
tt0271748,5.1,1684
tt0273884,6.6,14
tt0120117,4.6,378
tt0259534,8.7,1310
tt0250774,3,530
tt0481880,5.1,11
tt0253194,5.1,712
tt0778824,2.4,8
tt0149568,5.4,1462
tt0278315,5.2,705
tt0211934,6.8,15605
tt0284811,5.4,1318
tt0200435,5,567
tt0286478,3.6,1263
tt0462041,5.9,42
tt0252038,5.1,194
tt0207341,5.7,4332
tt0281656,7.2,352
tt0286539,7.2,25
tt0272062,4.8,597
tt0217351,5.8,160
tt0225515,5.4,946
tt0940881,6.5,28
tt0286640,3.7,162
tt0233808,6.8,190
tt0216707,5.1,991
tt0267548,6.2,2545
tt0207513,3.4,480
tt0281913,4.3,439
tt0233856,4.8,3485
tt0246687,6.6,395
tt0189592,5.7,1396
tt0150992,7.5,15871
tt0216817,6.2,6000
tt0206020,5.1,262
tt0317641,4,47
tt0196635,4.8,1905
tt0226847,4.8,1470
tt0230347,5.9,2335
tt0339239,4,29
tt0439641,6.4,21
tt0206067,6,1234
tt0226786,5.4,425
tt0220594,5.2,447
tt0213775,5.4,540
tt0195002,7.8,3071
tt0220597,5.3,670
tt0172704,3.2,530
tt2008546,5.2,5
tt0217608,4.4,133
tt0206921,6.2,4465
tt0214931,5.4,802
tt0209263,3.3,331
tt0275608,4.4,154
tt0489530,5.2,9
tt0286910,4.6,275
tt0259547,7.7,26
tt0111068,6.8,4849
tt0338264,4.5,45
tt0286891,4.7,31
tt0286934,4.5,218
tt0207626,6.8,22
tt0220757,7.7,2366
tt0215196,6.6,213
tt2008624,5.1,7
tt0267928,2.5,185
tt0410809,4.4,17
tt0220832,8,11521
tt0215245,5.9,514
tt0214178,6.2,2371
tt2008631,5.4,42
tt0200087,8.1,22740
tt0172684,7.7,44258
tt0282275,4.6,599
tt0211634,6.1,2276
tt0173081,6.7,2612
tt0152836,6.7,4646
tt0244794,6.1,1254
tt0173080,6.7,3744
tt0164538,7.6,25032
tt0190419,7.3,10339
tt0172761,5.3,1912
tt0282268,4.6,222
tt0210659,6.6,2072
tt0118673,5.8,2414
tt0210609,6.6,1225
tt0273045,3.6,102
tt0286416,4.8,74
tt0286421,4.2,215
tt0395463,2.5,22
tt0273452,4.8,1495
tt0446118,3.5,17
tt0118654,4.3,493
tt0207415,6.3,424
tt0164550,5.5,6494
tt0189492,6.9,1627
tt0205968,4.6,549
tt0317355,5,35
tt2008498,4.5,19
tt0280968,7.4,325
tt0210659,6.6,2072
tt1265654,5,7
tt0497915,7.3,9433
tt0164538,7.6,25032
tt2167753,3.7,12
tt2008530,4.6,19
tt0286707,3.9,98
tt0818603,5.6,46
tt0286683,4.8,264
tt0178562,7.2,255
tt0319480,5.6,21
tt0190419,7.3,10339
tt0116737,4.4,123
tt0286723,4.6,37
tt0182251,5.8,2160
tt0262527,5.7,694
tt0286772,4.5,116
tt0119596,4,344
tt0195814,7.2,872
tt0349635,3.4,25
tt0273804,3.5,254
tt0483288,5.3,35
tt0495848,5.2,12
tt0395668,4.6,30
tt0119862,5.1,327
tt0286752,5.8,1040
tt0210920,1.8,448
tt0364519,6.2,43
tt0189633,6.6,990
tt0242831,5.9,78
tt0286907,5.6,93
tt0286803,4.2,35
tt0479718,5.5,8
tt0286936,5.3,347
tt0376158,2.5,129
tt0287081,4.8,32
tt0170704,7,227
tt0238591,3.8,50
tt0287111,6.9,493
tt0195231,8.2,12053
tt0122233,6.8,107
tt0211126,7.9,2671
tt0264210,4.4,232
tt0120545,6.3,192
tt0455199,5.3,38
tt1849067,5.2,15
tt0396255,5.2,46
tt0130348,5.2,213
tt0118983,7,19315
tt0119861,7,12858
tt0133024,6.9,9208
tt0119239,7.3,4180
tt0395827,6.4,12
tt0347416,5.1,2284
tt0287152,5.7,48
tt0120551,5.7,1394
tt0136352,6.2,7664
tt0119427,6.1,1969
tt0118957,6.7,2136
tt0118546,6.1,195
tt0229193,6.5,163
tt0225029,4.6,1148
tt0118525,4.7,751
tt0118660,4.5,849
tt0119285,6.1,2168
tt0112308,3.8,45
tt0289685,4.6,524
tt0135393,5.2,57
tt0233422,7.4,11620
tt0251053,4,47
tt0135161,5.1,293
tt0286545,4.6,8
tt0286576,7.4,58
tt0118931,5.9,874
tt0119234,7.7,40
tt0172534,5.3,550
tt0286664,4.2,314
tt0119295,4.9,114
tt0185335,6.6,1014
tt0118680,4.4,192
tt0251068,6.5,13
tt0273695,4.1,16
tt0119428,6,4684
tt0809515,5.9,9
tt0251143,4.4,822
tt0420707,6.2,34
tt0351126,5.6,24
tt0187202,5.7,67
tt0440590,5.7,470
tt0286724,3.5,255
tt0339233,4.3,51
tt0290231,6.9,15
tt0368825,4.7,12
tt0119721,2.5,346
tt0122173,4.3,49
tt0119760,5.3,255
tt0162480,6.4,5549
tt0251356,3.9,126
tt0400584,7.4,19
tt0269758,3.8,313
tt0119491,4.6,551
tt0251194,4.5,141
tt0119720,7.5,391
tt0271243,5,43
tt0130197,5.6,94
tt0952685,3.6,15
tt0120456,7.5,2296
tt0286938,6.3,21
tt0120540,6.8,11818
tt0152278,4.9,71
tt0117437,6.1,6429
tt0116690,5.6,1920
tt0250122,7.2,992
tt0127289,6.5,129
tt0251395,5.5,74
tt0116407,7.4,2842
tt0115541,4.9,19
tt0115484,6.1,593
tt0246905,5.9,1079
tt0251426,4.6,546
tt0115568,4.3,1473
tt0297001,7.3,29
tt0149609,6.4,52
tt0267252,3.7,150
tt0358960,6.4,8
tt0115616,3.8,98
tt0115620,4.6,53
tt0350604,4.2,47
tt0115668,4.5,24
tt0172234,5.5,2451
tt0338855,4.7,196
tt0116024,5.5,436
tt0116035,4.9,248
tt0115558,6.2,31
tt0286593,5.8,1387
tt0446889,4,79
tt0116153,4.1,600
tt0294492,4.4,9
tt0172163,5.2,170
tt0136153,4.7,2026
tt0116308,7.2,5401
tt1579530,7.4,74
tt0322027,5,152
tt0308417,7.1,226
tt0319500,4.7,167
tt0338960,4.4,97
tt0151090,4,481
tt0447196,6.4,10
tt0112916,5.1,167
tt0116898,5.1,446
tt0246729,6,5351
tt0135515,4.6,264
tt0116763,7.5,2416
tt0378281,3.3,21
tt0115019,3.4,296
tt0286620,4.9,107
tt0116726,3.9,201
tt0978642,5.9,71
tt0116730,5.7,27
tt0117111,6.2,26
tt0344098,4.2,32
tt0400617,5.1,51
tt0117099,5.5,299
tt0117374,5.7,377
tt0267742,4,45
tt0117436,4.6,246
tt0135621,4.7,253
tt0246839,4.9,168
tt0116950,7.8,1795
tt0117186,5.4,9
tt1027849,6,38
tt0135641,5.2,932
tt0827202,7.5,55
tt0117623,4.9,63
tt0483786,4.7,14
tt0267813,1.9,183
tt0117470,5.3,96
tt0117878,6.2,445
tt0339864,4.3,59
tt0286942,6.7,157
tt0200441,6.9,145
tt0117672,4.8,10
tt0117983,5.2,1192
tt0405499,5.3,21
tt0172089,5.4,712
tt0109031,5.2,26
tt0112309,6.5,38
tt0112313,7,4271
tt0341639,5.4,64
tt0112359,5.2,214
tt0204823,4.4,138
tt0121989,6.6,1995
tt0112459,5.3,1012
tt0439464,6.4,83
tt0101616,6.2,2123
tt0870221,6.2,12
tt0309618,4.4,76
tt0112870,8.1,59141
tt0112738,5.7,375
tt0405873,3.6,19
tt0112876,4.3,40
tt0112272,5.2,26
tt1297447,4.7,10
tt0260066,4.2,105
tt0375791,4.3,307
tt0286672,4.5,276
tt0172574,4.5,375
tt0113185,5.1,24
tt0113237,4.3,35
tt0172519,4.2,2092
tt0286705,6.1,157
tt0113455,5.6,123
tt0113457,4.1,21
tt0267613,3.6,34
tt0113526,6.8,11858
tt0113528,5.2,50
tt0343850,5.3,73
tt0400565,2.8,10
tt0446158,4.5,774
tt0361721,3.4,30
tt0241753,7.5,91
tt0113913,5.5,502
tt0292606,5.1,440
tt0316112,5.4,53
tt0114031,4.2,1457
tt0363846,5.2,24
tt0267703,4.5,476
tt0114153,5.2,44
tt0114175,4.1,182
tt0113822,5.6,75
tt0940893,6.9,50
tt0114230,5.3,658
tt0290258,4.3,510
tt0114234,7.5,8440
tt0114231,5.4,3434
tt0114232,4.2,60
tt0318607,5.1,168
tt0347722,4.8,41
tt0114316,3.9,55
tt0274764,4.3,40
tt0114236,7.1,90
tt0395748,4.7,20
tt0343048,4.2,156
tt0135666,4.6,162
tt0114615,6.6,313
tt0395746,3.9,14
tt0114317,6,4111
tt0337625,5.1,298
tt0115009,4.7,287
tt0395802,5.3,771
tt0114337,3.4,10
tt0110546,6.9,7118
tt0114618,7.7,72
tt0173301,5.1,81
tt0110076,7.5,17427
tt0110942,6.3,2204
tt0110280,7.4,1656
tt0112884,6.1,72
tt0187227,5.8,1001
tt0111793,6,4156
tt0110438,6.5,5200
tt0337611,5.6,2537
tt0111308,5.7,1571
tt0111625,4.9,571
tt0115042,4.8,1808
tt0114726,4.8,2308
tt0225013,5.2,87
tt0338690,4.6,186
tt0109010,7.2,2979
tt0402739,3.4,9
tt0267246,5.8,658
tt0109116,4.3,346
tt0109117,8.2,46433
tt0109091,4.9,494
tt0305241,6.5,39
tt0363455,4.7,20
tt0109134,6.9,5527
tt0363405,4,8
tt0109325,5.2,28
tt0112485,5.4,35
tt0109391,3.6,374
tt0112269,4.1,130
tt0346870,3.9,17
tt0346733,4.3,20
tt0440199,6.1,62
tt0109246,4.1,36
tt0135140,4.7,100
tt0109206,7.6,4046
tt0178392,7.5,335
tt0317699,5.3,58
tt0290183,5.4,784
tt0109710,4.6,278
tt0976027,5.9,16
tt0450608,2.9,10
tt0121232,4.6,225
tt0172488,5,40
tt0442601,6.6,25
tt0290213,5.1,524
tt1202010,2.4,5
tt0349618,5.1,28
tt0110177,5.3,577
tt0230358,4.2,9
tt0109922,5.5,718
tt0275364,5.2,51
tt0110105,3.7,598
tt0110222,7.8,16384
tt0110140,3.1,229
tt0110254,5.2,268
tt0398128,6.7,7
tt0395614,3.8,22
tt0385793,1.8,5
tt0361764,5.5,22
tt0363784,3.9,63
tt0400577,6.1,19
tt0448586,3.9,14
tt0110449,7.7,342
tt0398170,7.1,59
tt0113933,6.1,99
tt0205189,5.7,28
tt0317985,5,82
tt0440604,5.7,10
tt0267845,3.9,69
tt0173156,4.8,108
tt0110584,4.2,77
tt0110881,6.8,40
tt0362986,6.1,39
tt0111303,5.1,17
tt0362056,3,7
tt0111537,6,115
tt0111384,5.3,113
tt0172487,5.4,169
tt0444983,8.1,68
tt0111067,3.6,289
tt0111780,4.4,92
tt0111793,6,4156
tt0290940,5.1,515
tt0339936,5.7,55
tt0363406,5.1,15
tt0363170,5.4,10
tt0292742,4.2,422
tt0106221,5.1,109
tt0106203,6.1,387
tt0177503,4.7,28
tt0106204,6.7,1630
tt0106206,5.3,261
tt0177483,6.8,73
tt0388554,6.1,8
tt0106287,5.7,92
tt0231197,4.2,27
tt0106205,4.9,65
tt0106270,4.6,337
tt0290429,5.3,479
tt0106408,6.3,973
tt0358992,4,121
tt0404806,5.6,15
tt0106333,7.7,24053
tt0359059,6.5,10
tt0106655,7.8,2698
tt0106653,6,87
tt0450577,4.7,51
tt0350613,5.5,17
tt0267424,3.3,221
tt0271458,5.8,51
tt0359157,4.7,93
tt0448413,7.2,45
tt0290179,5.5,449
tt0106725,5.1,587
tt0337613,3.8,171
tt0106541,3.7,436
tt0106986,7.4,723
tt0106799,3.5,158
tt0109555,7.8,20876
tt0107060,6.3,543
tt0187109,4.8,114
tt0107166,7.4,4929
tt0107199,7,322
tt0481107,5.3,27
tt0453367,5.2,48
tt0172617,5.1,58
tt0296705,5.3,465
tt0353555,5.2,50
tt0280832,3.8,125
tt0107311,7.2,2681
tt0107321,5.1,2565
tt0104645,5.9,502
tt0156585,5,61
tt0317680,5.6,157
tt0268326,6.5,33
tt1326149,4.5,11
tt0260155,4.3,192
tt0137100,5.3,1954
tt0104941,4.4,139
tt2011180,5.2,11
tt0110794,6.9,18
tt0251320,4.4,128
tt0172980,5.1,291
tt0360791,4.8,8
tt0490440,6.1,27
tt0107440,5.2,236
tt0107820,5.2,88
tt0107821,5.7,104
tt0376080,3.6,164
tt0121659,6.4,56
tt0156891,6.1,205
tt0250642,7.9,15
tt0363896,4.4,8
tt0290839,6.2,1027
tt0396805,5.1,13
tt0108023,5.5,159
tt0193449,4.6,158
tt0267905,3.1,175
tt0107986,4.9,773
tt0108001,7.2,415
tt1068660,4.3,6
tt0376182,2.4,152
tt0108109,6.5,80
tt0227496,4.6,98
tt0105515,5.1,115
tt0240879,7.9,613
tt0155075,4.2,21
tt0108144,6.3,282
tt0243639,5.9,56
tt0290331,5.9,1331
tt0391547,5.5,11
tt0126871,6.8,5672
tt0104607,6.6,1660
tt0262747,6.1,29
tt0360224,7,35
tt0130350,6.5,1015
tt0404537,6.1,57
tt0448790,5.9,12
tt0360227,5.8,23
tt0193102,5.8,161
tt0266875,7.1,858
tt0104854,6.4,45
tt0378343,6.6,12
tt2011178,6.6,32
tt0105500,4.5,745
tt0105762,4.5,53
tt0470381,6.1,115
tt0273513,7.2,44
tt0940710,4.4,5
tt0363698,3.2,18
tt0344301,5,31
tt0105897,5.4,257
tt0280396,5.2,55
tt0267830,3,49
tt0102073,4.9,43
tt0105166,5.3,189
tt0364720,5.1,49
tt0104660,3.6,17
tt0154720,5.3,20
tt0104927,4.5,579
tt0157003,5.5,58
tt0193246,6.1,86
tt0403276,5.4,37
tt0390667,5.5,118
tt0126234,6.6,5303
tt0104561,8.2,20266
tt0105007,3.9,307
tt0154992,7.9,21
tt0172170,4.7,179
tt0251346,5.4,39
tt0105315,3.3,124
tt0291883,5.7,860
tt0105209,5.1,58
tt0247909,5.4,131
tt0104072,4.3,523
tt0172188,6.1,674
tt0337651,5.2,48
tt0231765,5.6,17
tt0103689,6.5,250
tt0149850,5.3,57
tt0103763,4.3,149
tt0102200,6.4,488
tt0400365,3.5,10
tt0156658,5.6,420
tt0225566,6,115
tt0105866,5.4,355
tt0267617,4.7,707
tt0108256,8.1,622
tt0304204,5.9,566
tt0255401,7.1,269
tt0173102,6.8,6831
tt2009481,6.5,15
tt0464990,4.8,51
tt0416890,6.1,11
tt0105313,5.8,134
tt0407274,4.4,41
tt2015304,6,39
tt0105271,8.2,10649
tt0155499,5.2,102
tt0101283,5.2,1072
tt0101284,5.1,370
tt0259831,5,30
tt0402741,6.5,6
tt0327403,6.1,719
tt0404797,6.3,31
tt0101432,5,213
tt0482669,3.5,11
tt0289686,4.1,564
tt0359151,5,5
tt0101244,6.6,818
tt0186857,5.2,59
tt0363583,4.7,14
tt0172175,4.4,112
tt0231520,7.5,51
tt0101733,7.4,3623
tt0187004,4.9,204
tt0340112,5.9,43
tt1692184,6.3,13
tt0359168,3,26
tt0246567,7,148
tt0371631,4.2,13
tt0101887,4.8,34
tt0102071,6.8,2399
tt0121352,6.4,591
tt0214775,6.2,31
tt0363658,4.4,11
tt0398134,6.6,10
tt0376620,5.7,24
tt1571204,6.2,26
tt0172646,5.8,73
tt0102201,5.1,68
tt0102119,4.6,228
tt0439639,5.7,6
tt0099929,5.5,65
tt0363747,6.1,19
tt0395609,5.4,10
tt0102746,4,387
tt0102160,2.5,24
tt1454012,3.7,34
tt0102258,7.4,2377
tt0102191,7,32
tt0437280,5.8,22
tt0392360,5.8,933
tt0266752,5.2,36
tt0455140,6,31
tt0359582,4.8,24
tt1692213,5.6,12
tt0102645,5.7,769
tt0254683,5.8,1176
tt0246766,6.2,86
tt0363887,4.9,107
tt0102513,5.6,355
tt0102701,8,1747
tt0234412,4,27
tt0399530,4.2,47
tt0271138,4.9,46
tt0363851,5,10
tt0102515,5.7,44
tt0102702,5.7,29
tt0359876,5,21
tt0363967,6.1,15
tt0102825,7.2,5625
tt0360911,5.7,23
tt0248307,7.4,21
tt0156982,6.6,142
tt0155147,4,38
tt0102844,6.8,1096
tt0156985,7,1151
tt0352809,4.8,11
tt0102835,5.4,910
tt0105161,5.3,89
tt0102706,2.1,120
tt0359962,5.5,37
tt0102846,6.1,826
tt0395779,6.3,53
tt0364039,3.2,6
tt0481241,5.2,54
tt0399911,7.2,39
tt0376884,5,17
tt0098976,4.8,532
tt0177489,5.4,81
tt0175422,5.2,32
tt0243103,3.1,9
tt0103304,6,31
tt0236978,5,35
tt0149573,6.2,1406
tt0096775,5.3,13
tt0170416,5.7,43
tt0358261,5.6,53
tt0440005,4,5
tt0154183,5.4,1046
tt0330019,5.2,29
tt0099025,4.2,32
tt0099080,5.7,1056
tt0099081,6,247
tt0395464,4.7,50
tt0259877,5.1,250
tt0098999,7.7,7737
tt0099076,6.4,126
tt0404843,4.8,52
tt0382604,4.8,10
tt0099429,6.8,4532
tt0101742,5.9,880
tt0482034,6.2,18
tt0099651,6,293
tt0099467,7.3,66
tt0345177,8.4,1049
tt0099652,7.6,3585
tt0268273,5.5,32
tt0242509,5.7,252
tt0395519,5.1,99
tt0494953,5.3,14
tt0337650,5.8,604
tt0102148,5.4,482
tt0384220,5.9,13
tt0378156,5.1,11
tt0359444,5.1,32
tt0099869,5.2,157
tt0104548,5,143
tt0360693,4.9,35
tt0100092,5.7,127
tt0099943,5.9,541
tt0361796,5.4,66
tt0363810,4.2,33
tt0100384,6.8,121
tt0187338,4.3,53
tt0232291,4.4,34
tt0493354,6.1,36
tt0099916,4.8,9
tt0156659,6.2,96
tt0100401,6.1,110
tt0100539,5.6,165
tt0396768,5.4,33
tt0248428,8.1,2804
tt0261296,4.9,38
tt0363915,6,29
tt0155073,6.6,21
tt0363921,4.1,15
tt0359971,4.6,59
tt0173188,5.4,34
tt0359967,5,21
tt0362223,4.8,36
tt0173283,6.6,962
tt0360145,4.5,21
tt0172622,5.1,82
tt0978726,4.9,22
tt0250043,7,170
tt0098461,5.6,337
tt0177489,5.4,81
tt0098168,6.8,1993
tt0233146,5,44
tt0100816,6.3,1602
tt0122427,6.7,1298
tt0096896,6.5,165
tt0231214,5.8,41
tt0349122,6.7,66
tt0096922,4.7,102
tt0100095,7.3,10089
tt0405852,5.6,56
tt0926191,4.1,13
tt0097143,7.4,172
tt0373778,5.4,16
tt0097045,6.8,1425
tt0097264,7.3,418
tt0359169,5.3,91
tt0187043,5.5,68
tt0215789,5.2,31
tt0172509,6,37
tt0093182,6.3,241
tt0363634,6.1,56
tt0097466,6.6,94
tt0172509,6,37
tt0089382,5.7,231
tt0097513,5.8,29
tt0359442,6,25
tt0097563,4.7,120
tt0097609,4,433
tt0363691,6.1,17
tt0427400,4.3,12
tt0373935,5.6,185
tt0097642,5.4,116
tt0246727,6.2,20
tt0097640,5.5,172
tt0233990,5.7,58
tt0366696,6.4,39
tt0275466,6,34
tt0319787,5.7,29
tt0097784,5.7,788
tt0097812,7.3,648
tt0097813,5.2,53
tt0187351,5.2,248
tt0097926,5.6,118
tt0154820,6.6,12
tt0232276,5.7,6
tt0102705,5.9,191
tt0260303,5.2,194
tt0260336,5,30
tt0155131,5.7,35
tt0359965,5,27
tt0155175,5,23
tt0360051,6.7,37
tt0098491,4.8,566
tt0102636,7.9,2791
tt0290820,7.6,1019
tt0374310,6,9
tt0100857,4.6,136
tt0173415,7.4,47
tt0123370,6.8,27
tt0231073,4.9,25
tt0177505,5.3,61
tt0247915,5.2,22
tt0309261,5.7,18
tt0383875,7.3,60
tt0363407,5.3,19
tt0388748,4.3,12
tt0154311,5.6,38
tt0094720,5.1,130
tt0168516,5.9,724
tt0254247,7.2,70
tt0363525,4.3,137
tt0377738,4.9,145
tt0094958,6.6,491
tt0095010,5.7,12
tt0359170,6.7,18
tt0448454,5.1,15
tt0249492,6.9,18
tt0363659,4.6,11
tt0359309,5.2,20
tt0095198,4.7,509
tt0231646,5,163
tt0315893,5.2,33
tt0243294,6.2,9
tt0314049,6.3,10
tt0363666,7,326
tt0366593,5.1,12
tt0095375,5.5,53
tt0361772,4.8,111
tt0382771,3.8,8
tt0254462,5.9,7
tt0440530,3.5,24
tt0363735,4.9,15
tt0156663,6.2,146
tt0151206,6.6,907
tt0095440,4.7,155
tt0215931,8.2,33
tt0300160,6.9,332
tt0366739,5.3,19
tt0446395,7.6,43
tt0359657,4.9,24
tt0157974,5.2,44
tt0239654,5.2,37
tt0093555,5.4,65
tt0363832,5.1,16
tt0244670,6.6,36
tt0430446,4.5,8
tt0246825,7.3,280
tt0243472,5.7,85
tt0384403,5.7,56
tt0095857,7,137
tt0251355,8.6,2975
tt0363000,4.4,10
tt0259541,7,64
tt0423100,7.2,34
tt0232564,5.1,36
tt0095955,4.4,183
tt0359859,6.5,17
tt0155074,6.5,82
tt0350030,5.4,14
tt0095936,7.5,9677
tt0187060,4.7,35
tt0216171,6.6,23
tt0096139,4.8,72
tt0093949,6.3,1638
tt0096140,6,49
tt0376886,5.6,14
tt0096028,8,7885
tt0096390,5.5,179
tt0096252,7,1712
tt0094979,6.1,874
tt0448812,6.4,21
tt0300575,7.5,55
tt0260494,6.7,581
tt0390669,6,7
tt0230978,6.5,38
tt0367214,6.7,121
tt0096415,6.5,71
tt0096477,6.3,154
tt0364135,6.2,48
tt0358302,6,65
tt0177487,5.5,83
tt0156256,6.3,261
tt0313213,6.3,21
tt0186838,6.5,91
tt0158477,6.1,43
tt0266439,6.6,228
tt0449892,5.7,38
tt0260838,5.3,55
tt0270299,5.6,29
tt0317312,6,224
tt0405864,4.8,21
tt0385655,5.4,16
tt0095300,5.4,125
tt0317637,5.9,34
tt1002683,5.4,27
tt0092888,5.1,18
tt0154589,5.5,31
tt0091256,8.2,1180
tt0359457,5.6,52
tt0361746,6,101
tt0359440,6.2,118
tt0231796,4.7,42
tt0093263,6.9,56
tt0230346,5.5,37
tt0093293,6.7,129
tt0260097,4.7,23
tt0093287,5.1,26
tt0156691,6.5,162
tt0095432,6.8,18
tt0359549,4.4,13
tt0248135,5.8,258
tt0359614,6,179
tt0386551,3.4,5
tt0368022,4.4,8
tt0357879,5.3,6
tt0234207,6.1,78
tt0154846,4.9,14
tt0154821,5,23
tt0215987,5.5,19
tt0427524,5.6,29
tt0158107,7,57
tt0093578,7.8,12671
tt0239682,6.2,24
tt0361941,3.7,21
tt0089599,7.7,998
tt0093604,6.3,72
tt0363876,6,16
tt0359808,6.7,39
tt0363914,6.8,47
tt0350005,7.4,32
tt0363972,4.3,21
tt0362999,5.2,26
tt0230737,6.8,82
tt0359990,5.5,84
tt0243561,5.6,25
tt0094081,7.3,23
tt0350177,6.5,35
tt0094132,6.1,52
tt0096355,4.7,90
tt0094299,6.2,93
tt0369063,7.8,34
tt0177478,5.8,5
tt0154104,4.3,30
tt0090577,5.8,39
tt0280398,6.3,32
tt0090575,7,1096
tt0358926,6.1,28
tt0090611,5.5,108
tt0233206,7,119
tt2619760,6.6,9
tt0231140,6.7,44
tt0157316,7.6,362
tt0366182,7.2,43
tt0239246,5.5,26
tt0395453,6.5,159
tt0358950,4.3,34
tt0186871,4.3,154
tt0270219,6.3,144
tt0090812,7.5,1360
tt0158574,5.5,40
tt0186799,6.1,83
tt0363567,3.8,1129
tt0090958,5.9,55
tt0827765,6.9,15
tt0377845,7.1,103
tt0157571,8.3,1374
tt0091105,7.1,100
tt0154532,5.3,52
tt0154559,7.7,34
tt0091320,6,26
tt0091258,6.2,72
tt0091267,4.9,17
tt0239495,5.7,84
tt0361773,4.2,44
tt0091284,6.1,606
tt0366656,4.5,6
tt0091328,7.4,1645
tt0464995,6.8,9
tt0359619,5.8,71
tt0093518,6.1,37
tt0091439,6.5,16
tt0091512,3.2,5
tt0359677,5,6
tt0361904,4.8,27
tt0260222,5.7,115
tt0364551,5.2,29
tt0089678,7.5,142
tt0376768,6,8
tt0154909,6.2,35
tt0260217,7.1,21
tt0091598,7.5,832
tt0187528,5.9,27
tt0424339,6.6,46
tt0091806,3.4,23
tt0358053,6.1,39
tt0302955,7,164
tt0091601,6.6,682
tt0363993,6.5,38
tt0156052,6.4,46
tt0234739,5.4,9
tt0155227,5.6,85
tt0092033,6.8,84
tt0260411,5.2,122
tt0092049,5.5,28
tt0158212,7.1,32
tt0154105,4.9,31
tt0390657,7.2,25
tt0247910,6.7,131
tt0178187,6.5,34
tt0268117,6.5,35
tt0364049,4.4,107
tt0088687,7,133
tt0268131,6.4,72
tt0177490,7.1,110
tt0213449,5.5,17
tt0249358,7.6,91
tt0266260,7.1,739
tt0092599,4.9,67
tt0360399,7.3,52
tt0339998,5.8,20
tt0186850,5.8,40
tt0321421,6.4,37
tt0362445,5.7,52
tt0377496,6,41
tt0268990,5.9,38
tt0448392,4.9,26
tt0157518,7.4,21
tt0359143,5.9,34
tt0359167,5.2,17
tt0243230,6.3,17
tt0408734,6.6,13
tt0384074,6.5,15
tt0089119,4.3,47
tt0088986,7.5,98
tt0231645,7.5,34
tt0089194,6.1,386
tt0089201,7.2,397
tt0260064,4.6,14
tt0257763,4.6,27
tt0087434,6.5,46
tt0243333,6.8,32
tt0154620,5.2,66
tt0361761,4.5,31
tt0244567,6.7,115
tt0292036,5,10
tt0359492,5.6,19
tt0496523,6.3,46
tt0089465,5.2,20
tt0363777,4.3,16
tt0243395,4.5,23
tt0089552,6.1,1353
tt0363786,6.3,14
tt0363787,5.3,19
tt0089413,7.5,844
tt0362797,4.6,12
tt0961069,6.2,10
tt0234211,7.5,81
tt0089582,5.7,28
tt0257910,5.4,9
tt0359685,4.8,19
tt0089610,6,77
tt0084324,7.3,963
tt0237565,6.4,12
tt0419005,5.6,17
tt1010439,6.3,23
tt0158047,6.1,34
tt0154998,5.7,64
tt0087958,6.3,140
tt0155985,6.7,58
tt0152139,6.7,840
tt0240849,5.7,7
tt0187271,6.6,73
tt0152256,7.1,780
tt0089952,7.2,417
tt0187485,5.4,30
tt0089959,6.9,65
tt0376887,4.6,39
tt0090138,7,78
tt0358068,5.9,44
tt0245525,5.5,20
tt0090202,7.1,162
tt0350195,5.5,190
tt0270091,5.8,29
tt0090358,6.1,149
tt0302058,6.5,34
tt0230991,5.5,73
tt0390666,5.8,8
tt0177496,5.9,54
tt0158451,5.7,65
tt0178182,5.1,15
tt0178209,4,9
tt0178211,6.6,68
tt0090581,6.1,95
tt0233182,4.9,28
tt0154143,6,35
tt0086892,5.3,125
tt0158465,6,9
tt0262242,6.5,37
tt0268160,6.5,36
tt0149857,7.2,28
tt0186794,6.6,52
tt0379249,7.1,30
tt0367546,5.5,14
tt0315319,6.1,112
tt0301231,7,117
tt0154446,7,46
tt0262458,5.2,19
tt0362674,5.6,20
tt1252292,6.3,16
tt0087474,5.9,223
tt0087417,7.6,528
tt0359473,5.1,39
tt0087492,6.3,58
tt0157844,6.3,140
tt0373041,5.8,18
tt0231816,5.8,47
tt0354671,6.5,35
tt0357812,6.2,39
tt0296702,7.3,50
tt0877649,6.9,39
tt0362798,5.7,105
tt0085785,7.2,202
tt0087586,4.5,29
tt0230294,7.2,73
tt0154531,5.4,61
tt0359684,3.7,34
tt0157917,6.8,111
tt0316190,6.6,28
tt0234138,4.9,23
tt0085912,7.4,560
tt0232080,5.3,10
tt0268456,5.2,21
tt0087736,7.1,131
tt0154844,5.9,62
tt0280968,7.4,325
tt0187344,6.2,39
tt0087886,6.6,136
tt0087868,7.4,267
tt0351552,6.4,5
tt0481897,5.2,54
tt0253514,6.4,408
tt0363002,5.8,23
tt0087975,6,110
tt0366939,7.1,34
tt0359875,5.8,12
tt0088031,8.2,1567
tt0451901,6.1,9
tt2784992,6.8,12
tt0313596,7.1,20
tt0152509,6.1,223
tt0232734,5.6,109
tt0088227,7.1,42
tt0248289,7.2,207
tt0262913,6.4,38
tt0240082,6.6,17
tt0088335,6.9,317
tt0362303,6.5,25
tt0363196,7,6
tt0088099,7.4,2395
tt0246269,4.6,8
tt0260579,6.3,33
tt0277446,6.2,30
tt0262933,4.7,19
tt0246413,6.5,132
tt0088442,5.3,28
tt0244380,6.5,19
tt0125556,5.7,97
tt0085165,6.1,581
tt0083575,7.5,71
tt0247936,6.2,60
tt0233264,7.1,479
tt0317117,5.8,86
tt0268169,7,32
tt0312445,3.2,16
tt0254179,6.6,449
tt0085178,8.2,1427
tt0085361,6.7,1791
tt0271432,5.6,23
tt0340090,6.7,13
tt0396553,3.3,15
tt0361532,6.8,13
tt0361601,4.5,11
tt0085456,6.3,21
tt0123102,6.7,701
tt0268373,6.4,31
tt0085743,8.4,11910
tt0361771,5.1,22
tt0187193,5.6,63
tt0361793,6.3,48
tt0187150,4.4,231
tt0244590,7.3,458
tt0245222,5.8,6
tt0085776,7.9,951
tt0230465,6.9,7
tt0187195,6.3,57
tt0155840,4.8,24
tt0187176,6,61
tt0085886,6.1,373
tt0361869,5.6,28
tt0085896,7.6,590
tt0085913,8.5,3204
tt0158768,6.6,82
tt0260207,6.7,37
tt0084393,5.6,325
tt0154857,5.3,60
tt0232169,6.3,129
tt0158071,6.8,53
tt0262703,6,20
tt0086156,6,294
tt0366928,6.3,48
tt0816627,6.5,18
tt0268585,5.6,24
tt0086170,7.2,416
tt0086230,8.5,2683
tt0417131,6.4,11
tt0246942,6.6,9
tt0158259,5.7,77
tt0387692,4.2,6
tt0348078,5.7,169
tt0086597,7.6,1010
tt0368079,6.5,35
tt0155408,7.8,85
tt0177479,5.4,23
tt0177480,6.2,17
tt0149570,4.8,8
tt0451614,6.6,41
tt0215517,8.4,4347
tt0233226,7.2,68
tt0083570,5.6,9
tt0247933,5.9,17
tt0083569,5.7,12
tt0083578,8,1108
tt0239244,7,94
tt0268162,5.4,27
tt0339993,4,5
tt0083608,4.8,45
tt0268166,6.4,54
tt0246456,7.3,373
tt0083636,7.1,329
tt0082071,7.1,49
tt0320210,6.7,25
tt0083790,7,56
tt0242311,5.8,13
tt0262359,6.3,31
tt0439499,5.1,31
tt0266456,5.4,37
tt0083820,6,484
tt0379250,6.2,68
tt0361508,6.3,15
tt0313971,6.5,32
tt0215721,6.2,16
tt0247297,4.7,6
tt0359325,6.8,119
tt0257662,5.7,14
tt0349382,5.8,23
tt0262446,5.9,102
tt0082504,5.3,22
tt0157729,6.7,58
tt0155759,5.4,27
tt0265241,6.7,41
tt0361779,5.1,23
tt0084199,6.9,319
tt0359512,4.5,13
tt0248125,6.5,117
tt0260107,7.1,58
tt0208903,6.4,1075
tt0260156,5.2,34
tt0259848,5.9,19
tt0374016,3.3,6
tt0877654,5.1,7
tt0445085,6.3,18
tt0262612,5.8,16
tt0216019,7.6,348
tt0256951,8,659
tt0084385,7.4,2079
tt0158827,6.8,213
tt0084532,7.2,752
tt0359867,4.5,11
tt0155088,6.3,125
tt0265690,5.9,126
tt0341554,7.1,178
tt0156043,6,116
tt0084630,7.2,2789
tt0301810,5.8,37
tt0084667,7.7,1744
tt0158213,7.2,373
tt0362147,6.4,7
tt0259583,6.1,13
tt0379504,6.5,120
tt0249986,7.5,42
tt0430647,6.5,20
tt0338472,7.5,50
tt0362218,4.6,13
tt0084744,6.4,78
tt0245494,6.6,65
tt0425531,6.8,40
tt0084840,6.8,113
tt0945604,4,25
tt0153545,7.2,239
tt0084866,7.1,290
tt0250121,6.5,30
tt0260580,6.4,36
tt0397742,7.1,240
tt0082162,8,2045
tt0367595,6.1,41
tt0315462,7.3,48
tt0373790,7.3,48
tt0215714,7.2,61
tt0259996,5.8,125
tt0359266,6.2,34
tt0380384,5,10
tt0260047,6.6,25
tt0373887,6.6,21
tt0378069,6.2,37
tt0390139,6.7,35
tt0361770,6.3,19
tt0392193,4.3,7
tt0485811,5.2,8
tt0157873,5.7,26
tt0080982,7.8,448
tt0082594,6.9,1145
tt0155788,5.4,21
tt0262717,6.6,77
tt0381319,4,5
tt0214866,6.4,144
tt0359552,5.5,25
tt0154749,7,242
tt0082644,7.1,1995
tt0246033,5.4,12
tt0234141,6.4,346
tt0243396,6.1,15
tt0234054,7.2,747
tt0371809,6.4,26
tt1142320,5.5,20
tt0341496,6.3,23
tt0359688,6.5,46
tt0082797,7.1,1334
tt0082796,7.5,814
tt0390152,5.8,6
tt0262714,7.5,63
tt0237631,5,13
tt0158122,7,95
tt0313495,7.7,58
tt0083018,8,329
tt0215132,6.9,551
tt0360170,6.1,22
tt0479747,5.2,8
tt0246212,4.9,13
tt0390473,6.5,6
tt0367116,6.2,9
tt0083248,7.8,896
tt0246322,6.7,39
tt0083349,7.1,1429
tt0083081,7.4,2338
tt0178198,5.5,28
tt0178185,6.8,49
tt0230993,6.9,104
tt0178195,5.8,185
tt0178204,5.3,177
tt0259170,6.2,161
tt0080343,7.6,364
tt0080322,7.9,678
tt0079749,6.2,442
tt0081453,6.8,58
tt0157320,6.9,141
tt0230028,6.9,27
tt0154201,6.4,35
tt0157418,7,72
tt0370392,5.3,23
tt0237098,7.4,13
tt0359076,5.3,26
tt0379246,5.8,34
tt0080638,7,867
tt0231475,5.7,29
tt0080653,6.7,825
tt0340091,6.9,34
tt0259322,6.8,123
tt0432866,5.8,6
tt0260060,6.3,33
tt0080901,6.5,164
tt0230357,5.9,12
tt0080926,6.5,197
tt0956298,4.2,25
tt0260112,6.1,52
tt0239514,5.9,26
tt0214841,7.5,1877
tt0357826,6,24
tt0262534,5,31
tt0154730,5.8,12
tt0244585,7.7,1362
tt0368068,5.5,20
tt0154788,6.4,60
tt0157965,6.5,93
tt0257965,6.2,18
tt0316386,6.1,17
tt0268407,6.1,22
tt0360718,4.4,14
tt0362057,4.6,9
tt0156882,5.3,17
tt0246879,7,759
tt0358020,6.9,71
tt0081401,6.3,418
tt0156014,6.3,143
tt0253618,6.9,47
tt0081453,6.8,58
tt0400830,6.5,21
tt0079938,8.1,576
tt0081491,7.1,2281
tt0358108,6.1,33
tt0158534,6.8,1230
tt0155238,5.5,30
tt0081605,5.6,17
tt0081219,6.6,12
tt0081624,6.7,85
tt0388499,6,12
tt0081783,4.8,12
tt0178177,6.3,7
tt0178210,4.1,12
tt0078738,3.8,9
tt0078739,5.5,21
tt0078761,6.8,57
tt0252247,5.8,18
tt0237021,6.6,10
tt0157339,7.6,907
tt2710158,6.4,16
tt0379253,5.4,15
tt0315292,6.6,23
tt0231416,4.7,18
tt0215717,6.9,22
tt0157545,6.4,91
tt0367661,6.5,14
tt0156485,6.4,13
tt0357621,6.4,52
tt0214707,5.9,42
tt0324977,6.6,151
tt0079221,8.6,16086
tt0165805,6.9,31
tt0079236,6.6,511
tt0156581,7.7,86
tt0079263,6.6,37
tt0242504,6.6,8
tt0426016,4.3,6
tt0378071,6.5,20
tt0283417,6.7,6
tt0079355,6,388
tt0357809,6.7,38
tt0079364,6.6,14
tt0386556,6.1,36
tt0079382,6.9,149
tt0079386,7.7,1913
tt0359544,7,47
tt0381313,6.3,17
tt0151285,6.6,69
tt0260144,6.1,68
tt0359634,4.9,7
tt0157958,6.5,10
tt0079526,7.1,240
tt0081147,7.1,87
tt0378350,6.6,86
tt0079584,6.6,1213
tt0079589,6.5,19
tt0386664,6.2,8
tt0079614,6.6,98
tt0309926,6,127
tt0268547,6.8,32
tt0158108,5.9,18
tt0378633,5.4,5
tt0158145,7.1,16
tt0156999,6.4,14
tt0367001,5.3,11
tt0396199,6.9,7
tt0246914,6.6,121
tt0371932,4.8,10
tt0388389,7.4,47
tt0436764,4.8,12
tt0165941,5.4,9
tt0267924,7.1,9
tt0156093,6.2,17
tt0079963,6.7,895
tt0165966,6.2,34
tt0246261,7.2,76
tt0392826,7,29
tt0361046,6,5
tt0177492,6,21
tt0178172,5.6,17
tt0236977,4.8,12
tt0389759,6.1,20
tt0165625,7.2,333
tt0077179,7.3,93
tt0358942,5.5,13
tt0077183,5.9,16
tt0157337,7.2,72
tt0077200,6.7,49
tt0077226,6.1,87
tt0354416,6.4,26
tt0157451,6.6,36
tt0381951,5.1,8
tt0246492,6.4,31
tt0247257,6.2,9
tt0214635,6.8,16
tt0154390,7.1,136
tt0405856,7.1,49
tt0077392,5.5,13
tt0363563,6.9,45
tt0157540,7,175
tt0077451,7.8,10298
tt0150683,7,130
tt0357602,4.3,11
tt0079316,6.1,117
tt0077596,5.9,107
tt0258647,6.7,68
tt0077609,7,154
tt0367927,5.9,41
tt0077792,6.7,377
tt0077797,7.5,719
tt0231901,5.9,7
tt0360712,5.9,15
tt0151466,6.7,102
tt0077172,7.2,8
tt0374039,4.6,12
tt0079590,7.5,2319
tt0232164,6.5,13
tt0156832,5.1,15
tt0237564,6.3,26
tt0359830,5.4,36
tt0376071,6.8,30
tt0078139,4.7,6
tt0388387,6.5,34
tt0419107,7.3,50
tt0078241,6.3,468
tt0392784,6.4,7
tt0361061,6.1,11
tt0262801,5.6,52
tt0778877,6.9,36
tt0177485,5.5,28
tt0158293,5.9,31
tt0215338,6.3,115
tt0075618,4.9,17
tt0395434,6.1,9
tt0078204,7.1,873
tt0154178,7,83
tt0178196,6.1,24
tt0178207,5.6,78
tt0075632,6.5,242
tt0178217,5.5,8
tt0178212,5,21
tt0280394,5.2,16
tt0414806,6.4,25
tt0165610,5.8,71
tt0075653,6.8,288
tt0072632,6.3,20
tt0165613,6.8,25
tt0268141,7.1,114
tt0268146,6.9,141
tt0246433,6.5,63
tt0312538,7.9,21
tt0213544,5.7,188
tt0357533,5.4,19
tt0075825,7,52
tt0381079,6.5,30
tt0271421,6,31
tt0075826,5.8,21
tt0257475,6.9,65
tt0349212,5.6,34
tt0245854,4.7,7
tt0275291,6.7,27
tt0213611,6.7,602
tt0154415,4.6,14
tt0150348,3.2,5
tt0301215,7,108
tt0075669,7.5,6259
tt0075747,7.5,431
tt0075977,6.2,24
tt0150417,8.1,51
tt0157556,6,165
tt0367723,4.8,8
tt0360626,6,8
tt0150718,6.9,166
tt0373891,6.6,25
tt0156608,5.8,9
tt0076167,7.1,410
tt0076177,5.7,150
tt0366616,7,159
tt0245977,6,40
tt0322814,7.1,32
tt0255267,5.4,12
tt0359528,4.4,7
tt0275442,6.1,23
tt0158698,6.9,51
tt0298952,5.4,8
tt0076259,6.3,330
tt0363739,6.3,42
tt0215902,6.7,105
tt0311401,7.2,109
tt0215907,7.4,170
tt0244596,6,20
tt0382825,5.3,12
tt0357890,6.6,16
tt0369746,7.2,40
tt0076515,7.5,43
tt0165907,7.8,28
tt0299078,7.7,59
tt1176126,5.9,7
tt0076527,6.9,813
tt0158179,5.4,20
tt0152080,6.6,39
tt0154838,7.4,89
tt0368194,6.7,17
tt0076696,7.7,2758
tt0155135,6.7,21
tt0274086,6.6,13
tt0316733,6.2,31
tt0300475,6.8,201
tt0389551,3.5,8
tt0275748,7.4,26
tt0157199,7.1,8
tt0276628,6.4,104
tt0177497,3.6,19
tt0177498,4.4,9
tt0178194,5.9,26
tt0149708,7.5,53
tt0371558,6.9,81
tt0157845,7.7,70
tt0152720,6.7,117
tt0237022,6.9,169
tt0157358,5.5,50
tt0283934,5.1,7
tt0297781,6.2,22
tt0360463,5.6,50
tt0154265,6.9,67
tt0231226,6.6,42
tt0268216,6.5,150
tt0072777,8.3,3263
tt0157460,7.5,492
tt0293081,6.4,29
tt0074417,7,372
tt0359135,6.1,96
tt0157572,7.5,34
tt0452236,7.3,73
tt0073104,6.9,867
tt0154663,6.6,45
tt0392187,6.3,10
tt0367918,6.4,15
tt0074730,7.4,1739
tt0214832,6.8,223
tt0215898,5.6,27
tt0431873,6.4,10
tt0266712,7.1,196
tt0298327,6.4,83
tt0276309,6.5,76
tt0155846,6.1,37
tt0374033,5.8,12
tt0268449,6.6,118
tt0074858,7.7,381
tt0359728,6.1,10
tt0074926,6.6,101
tt0074949,6.2,371
tt0074955,5.3,28
tt0430508,6.3,7
tt0380660,4.2,12
tt0420139,6.6,38
tt0269818,6.4,7
tt0358138,5.7,22
tt0259571,7.1,42
tt0381585,6.1,19
tt0156082,8.1,47
tt0165972,7,39
tt0298582,5.5,18
tt0320792,7,24
tt0177504,6.8,13
tt0178174,5.4,23
tt0178180,6.5,36
tt0178186,8.2,1254
tt0072642,5.7,27
tt0231155,4.8,18
tt0297738,6.1,14
tt0373683,6.6,10
tt0259854,5.2,22
tt0156319,5.4,7
tt0244457,6.1,31
tt0243550,6.2,21
tt0359129,5.4,5
tt0361505,6.7,251
tt0246493,6.9,109
tt0072783,8.4,10409
tt0072860,8.1,9283
tt0072870,5.9,114
tt0155606,7.7,39
tt0246420,7.1,180
tt0315487,4.7,15
tt0361515,6.4,82
tt0370468,6,7
tt0247296,6.3,7
tt0314005,6.6,28
tt0214663,7.2,52
tt0072972,7,272
tt0277761,5.9,7
tt0073112,5.7,35
tt0165795,7.5,86
tt0872207,6.4,9
tt0073191,6.9,99
tt0187192,6.2,250
tt0230389,6.4,9
tt0073224,6.5,46
tt0367922,5.2,19
tt0073236,7.6,316
tt0175837,6.4,17
tt0215900,7,213
tt0151511,8.1,782
tt0298437,6.6,14
tt0359687,6.4,8
tt0073391,7.6,1129
tt0359738,5.8,9
tt0073458,7.6,423
tt0318584,6.5,44
tt0216110,7.2,247
tt0155997,7,218
tt0431350,6,10
tt0246190,6.7,40
tt0430561,6,33
tt0395743,5.4,42
tt0073569,6.6,131
tt0359960,7.5,6
tt0073657,6.8,50
tt0276542,5.7,19
tt0230913,6.8,55
tt0073707,8.2,47924
tt0073837,5.6,18
tt0247015,7.4,7
tt0824414,7.5,24
tt0158356,7,89
tt0073923,6.6,23
tt0073924,6.1,287
tt0360231,6.2,25
tt0368465,5.3,29
tt0071083,6.7,102
tt0071307,6.7,112
tt0231592,6.6,30
tt0175423,7,350
tt0154108,7.1,10
tt0268129,6.5,140
tt0156258,7,167
tt0233202,6.7,74
tt0071145,8.2,789
tt0357451,4.4,7
tt0233281,6.4,34
tt0370383,6.6,24
tt0071205,6.8,222
tt0246462,6.6,51
tt0268217,7.1,37
tt0315389,5.4,12
tt0276861,6.4,19
tt0175530,6.4,121
tt0071317,7.4,68
tt0429776,5.5,19
tt0155668,6.2,26
tt0357610,6.2,5
tt0071436,7,193
tt0233620,6,5
tt0156504,8.8,41
tt0357651,6.6,7
tt0071541,6.7,44
tt0357709,6.1,12
tt0239448,6.7,91
tt0357720,6.9,23
tt0242502,7.2,9
tt0304147,6.3,30
tt0298366,5.8,32
tt0395602,6.4,8
tt0430232,6.7,51
tt0154653,7.2,53
tt0250441,7.4,8
tt0312836,6.6,8
tt0071714,6.4,98
tt0155805,6.8,90
tt0243358,6.1,9
tt0157900,5.7,12
tt0246740,7.5,224
tt0071730,7.1,326
tt0071800,7.1,580
tt0122162,6.3,245
tt0156771,5.4,9
tt0418881,5.8,8
tt0071811,6.8,185
tt0155106,7.1,41
tt0156833,7,131
tt0244713,6.2,40
tt0070558,5.9,17
tt0358029,6.8,38
tt0072064,7.4,461
tt0176105,6.9,364
tt0072100,6.9,629
tt0072109,7.1,71
tt0266832,6.3,11
tt0177502,7.3,82
tt0232977,7,52
tt0069671,7.9,2379
tt0215466,7,169
tt0231107,7,5
tt0233227,4.2,36
tt0297731,7.3,29
tt0069711,7.1,252
tt0069759,5.2,19
tt0275217,6.9,64
tt0069751,6.2,81
tt0357467,5.9,7
tt0154706,6.8,166
tt0069810,7.1,1498
tt0298267,6.5,6
tt0177473,7,275
tt0327648,6.9,50
tt0355374,6.5,22
tt0069871,7.1,70
tt0231453,6,8
tt0150251,7.1,372
tt0158587,7.3,426
tt0070097,5.5,105
tt0070009,7.3,224
tt0357629,6.4,11
tt0239362,5.8,12
tt0276150,6,11
tt0449923,5.4,5
tt0073034,8.1,581
tt0395559,6.2,8
tt0418760,5.4,34
tt0268395,5.6,14
tt0158690,6.6,86
tt0070241,7.2,77
tt0357819,6.8,45
tt0231852,2.8,5
tt0154563,7.3,65
tt0165816,6.7,29
tt0154591,6.1,111
tt0154578,6.6,225
tt0276220,6.3,7
tt0367921,6.1,78
tt0367928,6,11
tt0245994,6.8,42
tt0070253,6.6,158
tt0230412,5.2,24
tt0156745,6.7,117
tt0247502,6.6,114
tt0213879,5.8,5
tt0213082,6,8
tt0374079,5.4,10
tt0070434,7.3,1380
tt0271670,4.4,8
tt0419092,5.5,10
tt0070637,7.2,653
tt0232626,6.9,43
tt0070935,7.4,1762
tt0070947,7.6,3380
tt0178183,6.6,25
tt0950680,6.2,5
tt0229949,6.6,24
tt0066758,8.2,1348
tt0156289,5.9,7
tt0068215,7,29
tt0275922,7,8
tt0499182,6.4,16
tt0175448,7,93
tt0068217,7.1,79
tt0175450,6.9,59
tt0247188,5.9,8
tt0448373,4.3,25
tt0068255,5.5,40
tt0068257,8,3220
tt0149814,6.9,69
tt0357472,5.2,9
tt0213500,5.9,29
tt0068305,6.9,973
tt0158579,7.2,89
tt0175564,6.9,24
tt0154413,6.9,53
tt0284039,5.6,12
tt0340092,6.5,17
tt0252385,6.1,71
tt0367662,4.7,6
tt0284056,7.5,76
tt0276925,4.8,22
tt0138411,7,163
tt0068531,7.7,9
tt0357627,4.9,16
tt0388913,5.6,15
tt0381157,6.3,7
tt0068532,6.1,81
tt0357691,6.6,27
tt0068620,6.1,63
tt0139248,6.1,18
tt0357710,5.5,90
tt0357717,5.1,9
tt0231468,5.6,5
tt0157736,7.4,36
tt0435079,6.7,56
tt0157841,6.2,29
tt0155775,7,77
tt0156651,6.9,72
tt0268416,6.3,100
tt0156754,6.5,39
tt0068929,7,60
tt0156791,5.7,13
tt0230527,5.7,21
tt0068938,6.9,153
tt0234261,6.1,10
tt0215911,8.6,1323
tt0067546,7.3,1317
tt0216067,7.5,744
tt0158092,6.6,168
tt0176072,6.2,13
tt0214042,6.3,57
tt0358063,6.7,168
tt0069152,5.9,68
tt0284419,6.6,22
tt0284421,5.2,12
tt0254737,6.3,9
tt0176101,6.3,29
tt0156981,4.4,7
tt0069204,6.1,13
tt0368243,5,6
tt0284456,7.4,93
tt0069218,6.2,113
tt0078222,6.8,1520
tt0255593,5.2,26
tt0284481,6.6,42
tt0176216,5.7,28
tt0158331,7.1,168
tt0069522,6.4,23
tt0069534,6.1,10
tt0158246,6.4,26
tt0069542,6.4,16
tt0068012,6.3,13
tt0234724,7.2,295
tt0066763,8.8,23953
tt0178192,6.6,70
tt0382527,6,6
tt0283844,5.2,13
tt0066766,6.8,232
tt0156290,6.9,110
tt0452143,6.7,14
tt0156340,6.2,22
tt0157398,3.6,11
tt0429652,4,5
tt0244443,7.1,192
tt0208855,5.8,10
tt0408695,6.3,9
tt0067000,6.2,11
tt0377636,6.1,54
tt0233604,7.8,38
tt0175590,6.4,26
tt0384822,6,17
tt0066888,6.8,233
tt0272118,6.9,999
tt0367695,6.1,43
tt0434915,6.7,54
tt0369446,4.6,8
tt0067164,7.3,873
tt0275363,6.7,129
tt0067183,7.3,709
tt0245935,5.3,6
tt0215859,7.2,62
tt0378073,6.1,8
tt0215827,7.1,39
tt0268394,6.6,32
tt0231830,5.8,10
tt0206054,7.1,22
tt0451780,6.9,48
tt0352457,7.1,28
tt0065927,5,28
tt0330505,6.9,270
tt0373959,6.6,14
tt0157887,7.1,29
tt0231898,5.5,6
tt0175835,6.2,6
tt0284248,6.9,56
tt0237395,6.3,101
tt0234174,6.5,44
tt0157964,5.1,27
tt0065936,7.1,793
tt0266757,6.9,107
tt0175904,6.9,36
tt0154865,5.9,12
tt0067403,7.2,50
tt0067421,7.6,448
tt0232081,7,260
tt0067478,6.9,87
tt0246842,6.3,24
tt0232288,5.2,12
tt0314487,6.2,9
tt0067553,6.5,49
tt0067555,6.9,165
tt0358043,5,5
tt0395715,6.2,20
tt0067651,6,34
tt0067636,6.4,68
tt0067668,6.8,171
tt0389351,6.7,6
tt0271166,5.6,11
tt0067742,6.9,129
tt0270666,6.9,14
tt0067840,7.3,202
tt0158292,6.5,17
tt0176272,6.8,26
tt0166008,7.2,53
tt0154685,7.3,647
tt0148691,6.9,207
tt0178184,6.4,176
tt0234542,7.4,753
tt0148692,7.3,321
tt0175756,5.9,68
tt0246286,6.6,124
tt0148375,7.2,283
tt0271023,6.8,103
tt0156641,7.1,175
tt0309005,7.1,65
tt0246848,4.9,23
tt0141135,6.9,164
tt0065758,6.1,34
tt0351714,7.2,60
tt0341563,6.8,34
tt0178218,6.8,56
tt0178191,6.6,22
tt0316506,5.9,18
tt0284443,6.5,24
tt0351790,6,33
tt0254354,7.5,55
tt0065764,7.2,89
tt0148266,7,170
tt0317902,7,44
tt0276063,6.4,18
tt0249398,6.9,14
tt0177486,3.7,12
tt0213475,6.6,25
tt0065467,6.1,15
tt0230079,6.4,24
tt0137455,7.1,105
tt0354503,6.7,39
tt0155691,6.6,9
tt0230263,5.5,6
tt0175735,6.5,28
tt0156611,5.9,8
tt0414156,4.4,17
tt0065903,6.8,38
tt0139392,5.4,17
tt0175874,7.2,20
tt0065484,5.8,392
tt0230498,6.7,32
tt0066070,8,4284
tt0215988,6.8,42
tt0374066,4.7,19
tt0361936,5.9,14
tt0361948,6.6,17
tt0268519,7.1,72
tt0176003,6.2,9
tt0442610,7.9,39
tt0066241,7,180
tt0284411,4.6,8
tt0268555,7.1,8
tt0275616,4.4,5
tt0316529,6.2,13
tt0066589,6.1,21
tt0158449,6.4,121
tt0147812,7.1,23
tt0233220,5.7,41
tt0247173,3.7,9
tt0242272,6.3,10
tt0387050,4.8,8
tt0155530,7.1,72
tt0237035,5.8,9
tt0147973,5,13
tt0064164,6.5,35
tt0215713,7.5,48
tt0157544,6.2,28
tt0065416,7.6,1458
tt0229950,6.7,92
tt0064244,7.4,49
tt0214665,6.5,174
tt0451048,6.6,36
tt0064396,5.6,107
tt0300033,6.9,42
tt0064086,7.4,317
tt0064241,7,218
tt0175788,6.6,26
tt0246713,6.4,18
tt0148353,6.9,67
tt0275489,7.3,79
tt0064506,7.4,811
tt0242639,6.5,11
tt0064842,6.8,113
tt0230670,6.9,92
tt0244741,6.3,18
tt0237636,6.9,11
tt0371908,6.2,27
tt0316521,7.3,46
tt0320394,7,53
tt0142431,7.8,486
tt0064857,6.8,49
tt0378751,6.3,27
tt0065064,6.6,144
tt0244776,8.3,597
tt0064935,7.2,49
tt0158294,6.5,68
tt0362283,5.7,14
tt0149345,5.9,37
tt0158375,7.1,75
tt0233587,6.3,58
tt0147811,7.1,287
tt0064915,6.6,187
tt0229950,6.7,92
tt0148523,7,232
tt0148841,7,86
tt0063404,8.1,5471
tt0320100,7.3,62
tt0147925,6.9,320
tt0062640,7,172
tt0062918,7.1,52
tt0290393,6.1,18
tt0147855,7.3,171
tt0147811,7.1,287
tt0239452,7.2,85
tt0138994,7.2,19
tt0147843,7.2,76
tt0233255,5.5,20
tt0062692,6.3,51
tt0139046,7.4,44
tt0157346,5,7
tt0147925,6.9,320
tt0062748,6.5,11
tt0230176,6.3,10
tt0060317,7.1,60
tt0063003,6.8,33
tt0063111,6.8,15
tt0254437,7.1,61
tt0290685,6.8,142
tt0154702,6.1,11
tt0063178,6.9,18
tt0213773,5.9,35
tt0175908,7,62
tt0290763,6.7,49
tt0214037,6.9,41
tt0063532,7.5,68
tt0063533,6.8,115
tt0231521,6.2,6
tt0063540,7,79
tt0293634,7.2,38
tt0148706,6.4,115
tt0146335,7.6,496
tt0378820,5.3,23
tt0232585,7.4,60
tt0062177,7.4,770
tt0061650,6.5,83
tt0175420,6.3,24
tt0306065,7.1,107
tt0061744,7.2,299
tt0061963,7.7,35
tt0176012,6.8,112
tt0061974,6.9,133
tt0233193,6.5,33
tt0074503,6.9,262
tt0061842,8,1547
tt0231150,6.7,94
tt0061366,6.1,82
tt0061370,7.2,49
tt0061378,7.6,69
tt0139048,6.5,60
tt0247203,7.4,143
tt0175497,6.9,27
tt0175508,5.8,16
tt0061463,4.9,21
tt0139107,6.9,39
tt0061467,6.6,31
tt0178181,6.3,67
tt0062897,6.8,95
tt0212123,6.9,33
tt0497376,6.7,11
tt0219071,6.1,17
tt0268349,6.5,17
tt0061753,8,45
tt0349634,5.7,22
tt0369595,6.9,18
tt0372448,6.5,17
tt0139447,7.6,73
tt0425287,6.3,12
tt0158026,6.6,36
tt0139502,5.8,16
tt0206238,6.6,105
tt0156923,7.6,54
tt0155370,5.5,32
tt0176327,6.7,7
tt0139525,6.3,194
tt0061046,6.9,105
tt0060689,7.7,760
tt0061842,8,1547
tt0231469,7.2,76
tt0229952,7.1,86
tt0176121,6.7,41
tt0061073,7.7,963
tt0214653,6.6,36
tt0146335,7.6,496
tt0062177,7.4,770
tt0176075,7.1,146
tt0137361,7.4,340
tt0060145,7,74
tt0213532,7.4,59
tt0175547,6.3,9
tt0175546,5.9,18
tt0060306,7.2,67
tt0060104,6.7,154
tt0157944,6.9,128
tt0182637,7.6,123
tt0418818,5,8
tt0157944,6.9,128
tt0316268,7.2,25
tt0364555,6.5,22
tt0247680,5.3,16
tt0061072,7.9,667
tt0176075,7.1,146
tt0397743,6.2,6
tt0061206,6.6,49
tt0235963,6.7,23
tt0149574,5.8,6
tt0058921,7.1,206
tt0207331,5.5,15
tt0271397,6.7,93
tt0059023,6.9,19
tt0252318,6.6,12
tt0139525,6.3,194
tt0059246,8.5,6661
tt0156606,7,73
tt0357769,6.7,22
tt0317751,7,150
tt0139065,6.5,32
tt0231827,6.9,41
tt0059354,6.9,127
tt0139398,6.2,101
tt0242636,7,55
tt0059445,7.7,48
tt0247394,7.2,1125
tt0308640,6.7,32
tt0154954,4.6,9
tt0236554,7.3,37
tt0059610,6.9,21
tt0139548,6.9,31
tt0305689,7,247
tt0215126,6.6,11
tt0293589,7.7,312
tt0059709,6.8,588
tt0155179,4.4,5
tt0274944,6.9,154
tt0233147,6.6,98
tt0146645,8.4,1368
tt0058772,6.8,40
tt0314557,7,131
tt0058257,7.1,420
tt0154565,7.8,404
tt0058774,6.6,41
tt0244977,5.9,29
tt0057815,6.2,14
tt0233145,6.6,31
tt0357433,6.1,20
tt0231204,5.7,13
tt0058547,7.5,1381
tt0059893,7.8,1020
tt0057882,6.9,27
tt0214639,5.9,25
tt0440196,6.8,20
tt0138360,7.4,71
tt0233603,8.3,48
tt0156444,6.8,18
tt0137847,5.6,15
tt0418698,7,24
tt0139237,7.1,35
tt0058045,7.2,74
tt0232960,7.6,746
tt0058270,6.8,109
tt0058287,7.3,172
tt0357882,5.9,7
tt0357926,6.9,90
tt0139446,7.1,23
tt0234230,6.2,11
tt0379299,6.7,79
tt0139584,7.1,46
tt0156903,7.6,31
tt0358102,7.8,8
tt0155161,5,20
tt0268631,6.4,18
tt0246923,5.9,13
tt0232960,7.6,746
tt0058759,7.3,70
tt0266765,7,168
tt0057555,6.9,109
tt0057409,7.1,66
tt0057120,7,107
tt0058467,5.7,24
tt0057332,7.7,59
tt0139003,6.5,22
tt0230771,5.6,38
tt0057568,7.4,354
tt0175651,7.2,26
tt0056850,7.7,695
tt0056805,6.7,35
tt0139157,6.8,115
tt0056866,5.5,17
tt0254164,6.8,32
tt0213524,6.4,94
tt0056850,7.7,695
tt0364232,6.6,21
tt0056998,7.2,103
tt0057024,6.1,40
tt0268331,6.1,14
tt0175608,6.5,16
tt0268342,7,26
tt0389067,4.4,7
tt0231853,7.5,24
tt0234070,6.3,9
tt0139402,6.9,41
tt0057162,6.8,298
tt0056232,8,48
tt0057356,7.1,18
tt0242760,6.7,35
tt0362023,6,13
tt0374146,4.6,8
tt0276438,4.6,14
tt0133188,6.3,21
tt0778828,5.8,6
tt0176128,5.9,34
tt0152400,6.6,12
tt0158314,7.5,28
tt0447559,4.9,11
tt0057699,6,41
tt0055783,7.1,299
tt0056379,7.1,191
tt0244409,7.5,223
tt0250339,7.1,70
tt0368239,6.7,11
tt0054591,6.7,51
tt0878098,5.6,5
tt0206554,7.2,87
tt0055930,6.6,17
tt0055767,6.9,105
tt0206554,7.2,87
tt0212965,4.4,9
tt0056047,5.8,5
tt0055949,6.7,39
tt0156593,6.9,61
tt0056120,5,6
tt0056213,7.6,36
tt0234195,7.1,35
tt0056052,7.5,416
tt0056367,7.5,55
tt0056806,7.1,51
tt0156922,6.4,36
tt0056394,6.7,12
tt0234700,7.2,21
tt0155195,7.3,11
tt0268489,5.6,348
tt0054910,7.7,467
tt0146791,7.4,43
tt0055035,7.2,422
tt0155286,5.2,25
tt0053566,7,29
tt0230348,6.8,105
tt0246916,6.6,35
tt0225961,7.5,351
tt0268220,6.9,165
tt0056436,8.3,1369
tt0135168,7.3,35
tt0138323,5.2,27
tt0055039,7.8,286
tt0055444,7.4,36
tt0379167,6.5,14
tt0054737,7.2,36
tt0158585,7.1,63
tt0415024,6.8,8
tt0230348,6.8,105
tt0130803,7,532
tt0232066,7.5,47
tt0055164,7.2,28
tt0482800,6.8,32
tt0055220,7.1,36
tt0269665,4.8,14
tt0055385,6.7,30
tt0242840,7.2,42
tt0246916,6.6,35
tt0176192,7.5,18
tt0372038,6,15
tt0053637,6.9,110
tt0054098,8.3,6480
tt0053706,7.3,372
tt0156593,6.9,61
tt0055508,8.1,1179
tt0053999,6.6,129
tt0053767,6.8,119
tt0053965,7.4,378
tt0053985,7.8,312
tt0146794,6.8,23
tt0053980,7.4,215
tt0137362,6.5,149
tt0231254,5.3,33
tt0318405,7.2,83
tt0053708,7.6,175
tt0053728,5.7,14
tt0053629,7,128
tt0302479,6.9,25
tt0233345,6.1,10
tt0274481,6.4,17
tt0053767,6.8,119
tt0053791,6.8,34
tt0053928,7.1,45
tt0130797,7.3,63
tt0271587,6.8,17
tt0054059,7.1,40
tt0053965,7.4,378
tt0147036,7.2,16
tt0055276,6.9,102
tt2100612,3.9,8
tt0054302,6.9,45
tt0268639,6.3,51
tt0158291,5.4,8
tt0054430,6.9,21
tt0274791,7.2,18
tt0391555,6.4,9
tt0053152,6.8,52
tt0298078,6.4,119
tt0052560,8,608
tt0052736,6.8,134
tt0156576,7.3,32
tt0230141,7,124
tt0053319,7.3,271
tt0255050,6.4,31
tt0139116,7.2,35
tt0052560,8,608
tt0139027,5.9,36
tt0139106,6.5,11
tt0214402,6.6,31
tt10833860,7.4,38
tt0052940,4.7,6
tt0135399,7.2,55
tt0139110,7.5,34
tt0052926,6.8,29
tt0233292,4.7,6
tt0052954,8,1813
tt0052960,6.6,36
tt0245239,7.6,45
tt0053035,6.7,52
tt0385978,6.2,6
tt0050665,8.1,1076
tt0128985,8,1250
tt0052411,7.2,179
tt0268533,7.6,65
tt0250803,7.5,170
tt0139607,6.3,7
tt0052154,7.3,47
tt0052051,6.7,47
tt0051806,7.2,235
tt0051747,7,159
tt0247291,7,51
tt0052065,6.6,31
tt0051340,6.8,31
tt0229966,6.2,10
tt0051348,6.4,32
tt0051335,7,52
tt0268252,6.6,14
tt0231451,6.5,6
tt0231474,6,7
tt0373814,4.1,8
tt0376621,6.6,16
tt0243341,6.3,11
tt0357898,5.4,5
tt0051842,7.5,24
tt0154731,5.8,11
tt0052116,6.2,11
tt0139581,5.7,15
tt0052201,5.9,7
tt0247712,6.7,7
tt0052217,7,118
tt0232759,6.6,15
tt0425385,5.9,8
tt0050665,8.1,1076
tt0050758,8.1,970
tt0390653,5.3,6
tt0050188,8.1,7862
tt0050322,8.4,1548
tt0050829,7.1,191
tt0052411,7.2,179
tt0050090,6.5,19
tt0233326,6.9,36
tt0050870,8.5,4767
tt0051117,7,93
tt0050734,7.6,77
tt0137341,7.5,69
tt0050956,6.6,83
tt0157524,7.4,27
tt0215743,5.9,11
tt0050587,6.9,26
tt0269344,6.3,9
tt0274477,6.7,13
tt0274353,7.5,26
tt0050757,6.9,126
tt0050820,7,80
tt0243447,6.4,17
tt0267701,6.9,10
tt0050870,8.5,4767
tt0257209,7.1,13
tt0049041,7.4,559
tt0050829,7.1,191
tt0049072,7.9,415
tt0048987,7.3,28
tt0049549,7.5,59
tt0129331,6.5,13
tt0049175,6.8,35
tt0384608,6.7,56
tt0259214,5.7,14
tt0049243,7.2,65
tt0227982,6.6,7
tt0231078,2.8,5
tt0155541,5.6,20
tt0049072,7.9,415
tt0049138,5.4,13
tt0325527,6.7,14
tt0139303,6.5,36
tt0231763,5.6,14
tt0268384,5.3,13
tt0049412,6,8
tt0049071,5.6,8
tt0049378,8.4,773
tt0374154,6.3,9
tt0047439,7.2,6
tt0131852,7.1,114
tt0048756,7.3,53
tt0048392,7.2,392
tt0273681,7.1,63
tt0049545,6.2,11
tt0048395,7.4,78
tt0266858,7.1,33
tt0047990,8,1580
tt0146266,7.6,87
tt0138996,5,6
tt0047796,4.9,18
tt0048613,8.1,2293
tt0145856,7.1,88
tt0047816,7.2,13
tt0377632,5.8,10
tt0325447,7.5,13
tt0231209,6.7,25
tt0236210,5.5,15
tt0420765,6.4,16
tt0048181,7.3,62
tt0048271,6.6,13
tt0137954,7.2,14
tt0048537,7.3,20
tt0244184,8,15
tt0245486,6.5,12
tt0048816,5.9,9
tt0232166,6.5,29
tt0048410,6.5,50
tt0047561,7.1,233
tt0137958,7.6,93
tt0046673,6.8,198
tt0145851,6.9,110
tt0046703,6.8,137
tt0280397,6.6,10
tt0233217,7,5
tt0046799,8.2,651
tt0139039,6.5,17
tt0267289,7.2,13
tt0157341,6.4,16
tt0134301,6.8,22
tt0046780,6.1,39
tt0048756,7.3,53
tt0047060,6.4,21
tt0139108,5.1,7
tt0140370,6.2,14
tt0047271,7.7,59
tt0137958,7.6,93
tt0145851,6.9,110
tt0156317,6.1,7
tt0144603,5.2,20
tt0046799,8.2,651
tt0392803,5.4,8
tt0045506,7.3,61
tt0259390,5.8,13
tt0045693,8.4,1537
tt0132166,7.3,46
tt0046164,6.7,100
tt0148842,7,31
tt2403201,9,2968
tt0045467,7.2,236
tt0177474,5,5
tt0134292,6.5,16
tt0154126,6.2,10
tt0045524,4.9,14
tt0045529,7,78
tt0231817,5.8,12
tt0044769,7.1,72
tt0158074,7.8,56
tt0158209,4.6,9
tt0148842,7,31
tt0044392,7.4,296
tt0044761,7.4,90
tt0044527,7,140
tt0389440,7.3,17
tt0044360,7.3,52
tt0267695,7.2,12
tt0044318,7.1,228
tt0130991,7.4,73
tt0154106,7.2,24
tt0044318,7.1,228
tt0213447,6.7,44
tt0139012,5.6,14
tt0215515,7.5,77
tt0126264,5,10
tt0331294,7.1,21
tt0358004,5.9,16
tt0130991,7.4,73
tt0139635,7.7,34
tt0137349,6.6,58
tt0158457,7.8,52
tt0043307,7.4,275
tt0128909,6.8,34
tt0043310,6.2,15
tt0043306,8,3185
tt0137459,7.7,178
tt0260168,7.4,16
tt0133014,7.1,39
tt0231807,5.8,8
tt0140302,6.4,8
tt0139443,6.8,12
tt0043842,6.3,10
tt0130989,6.7,19
tt0139583,6.5,15
tt0043997,6.1,31
tt0129422,6.8,106
tt0177482,5.9,9
tt0214404,5.7,6
tt0042184,6.3,17
tt0267266,6.2,5
tt0042207,6.6,37
tt0042233,6.7,27
tt0128962,6.4,13
tt0331186,7,50
tt0042380,6.9,44
tt0141441,7.3,59
tt0268614,6.1,21
tt0244182,6.2,20
tt0269826,6.8,21
tt0243555,7,13
tt0213081,7,9
tt0055949,6.7,39
